cell_id,cell_type,state,stage
cell_000,Microglia,Control,0.0
cell_001,Microglia,Control,0.0
cell_002,Microglia,Control,0.0
cell_003,Microglia,Control,0.0
cell_004,Microglia,Control,0.0
cell_005,Microglia,Control,0.0
cell_006,Microglia,Control,0.0
cell_007,Microglia,Control,0.0
cell_008,Microglia,Control,0.0
cell_009,Microglia,Control,0.0
cell_010,Microglia,Control,0.0
cell_011,Microglia,Control,0.0
cell_012,Microglia,Control,0.0
cell_013,Microglia,Control,0.0
cell_014,Microglia,Control,0.0
cell_015,Microglia,Control,0.0
cell_016,Microglia,Control,0.0
cell_017,Microglia,Control,0.0
cell_018,Microglia,Control,0.0
cell_019,Microglia,Control,0.0
cell_020,Microglia,Control,0.0
cell_021,Microglia,Control,0.0
cell_022,Microglia,Control,0.0
cell_023,Microglia,Control,0.0
cell_024,Microglia,Control,0.0
cell_025,Microglia,Control,0.0
cell_026,Microglia,Control,0.0
cell_027,Microglia,Control,0.0
cell_028,Microglia,Control,0.0
cell_029,Microglia,Control,0.0
cell_030,Microglia,Control,0.0
cell_031,Microglia,Control,0.0
cell_032,Microglia,Control,0.0
cell_033,Microglia,Control,0.0
cell_034,Microglia,Control,0.0
cell_035,Microglia,Control,0.0
cell_036,Microglia,MCI,0.5
cell_037,Microglia,MCI,0.5
cell_038,Microglia,MCI,0.5
cell_039,Microglia,MCI,0.5
cell_040,Microglia,MCI,0.5
cell_041,Microglia,MCI,0.5
cell_042,Microglia,MCI,0.5
cell_043,Microglia,MCI,0.5
cell_044,Microglia,MCI,0.5
cell_045,Microglia,MCI,0.5
cell_046,Microglia,MCI,0.5
cell_047,Microglia,MCI,0.5
cell_048,Microglia,MCI,0.5
cell_049,Microglia,MCI,0.5
cell_050,Microglia,MCI,0.5
cell_051,Microglia,MCI,0.5
cell_052,Microglia,MCI,0.5
cell_053,Microglia,MCI,0.5
cell_054,Microglia,MCI,0.5
cell_055,Microglia,MCI,0.5
cell_056,Microglia,MCI,0.5
cell_057,Microglia,MCI,0.5
cell_058,Microglia,MCI,0.5
cell_059,Microglia,MCI,0.5
cell_060,Microglia,MCI,0.5
cell_061,Microglia,MCI,0.5
cell_062,Microglia,MCI,0.5
cell_063,Microglia,MCI,0.5
cell_064,Microglia,MCI,0.5
cell_065,Microglia,MCI,0.5
cell_066,Microglia,MCI,0.5
cell_067,Microglia,MCI,0.5
cell_068,Microglia,MCI,0.5
cell_069,Microglia,MCI,0.5
cell_070,Microglia,MCI,0.5
cell_071,Microglia,MCI,0.5
cell_072,Microglia,AD,1.0
cell_073,Microglia,AD,1.0
cell_074,Microglia,AD,1.0
cell_075,Microglia,AD,1.0
cell_076,Microglia,AD,1.0
cell_077,Microglia,AD,1.0
cell_078,Microglia,AD,1.0
cell_079,Microglia,AD,1.0
cell_080,Microglia,AD,1.0
cell_081,Microglia,AD,1.0
cell_082,Microglia,AD,1.0
cell_083,Microglia,AD,1.0
cell_084,Microglia,AD,1.0
cell_085,Microglia,AD,1.0
cell_086,Microglia,AD,1.0
cell_087,Microglia,AD,1.0
cell_088,Microglia,AD,1.0
cell_089,Microglia,AD,1.0
cell_090,Microglia,AD,1.0
cell_091,Microglia,AD,1.0
cell_092,Microglia,AD,1.0
cell_093,Microglia,AD,1.0
cell_094,Microglia,AD,1.0
cell_095,Microglia,AD,1.0
cell_096,Microglia,AD,1.0
cell_097,Microglia,AD,1.0
cell_098,Microglia,AD,1.0
cell_099,Microglia,AD,1.0
cell_100,Microglia,AD,1.0
cell_101,Microglia,AD,1.0
cell_102,Microglia,AD,1.0
cell_103,Microglia,AD,1.0
cell_104,Microglia,AD,1.0
cell_105,Microglia,AD,1.0
cell_106,Microglia,AD,1.0
cell_107,Microglia,AD,1.0
cell_108,Astrocytes,Control,0.0
cell_109,Astrocytes,Control,0.0
cell_110,Astrocytes,Control,0.0
cell_111,Astrocytes,Control,0.0
cell_112,Astrocytes,Control,0.0
cell_113,Astrocytes,Control,0.0
cell_114,Astrocytes,Control,0.0
cell_115,Astrocytes,Control,0.0
cell_116,Astrocytes,Control,0.0
cell_117,Astrocytes,Control,0.0
cell_118,Astrocytes,Control,0.0
cell_119,Astrocytes,Control,0.0
cell_120,Astrocytes,Control,0.0
cell_121,Astrocytes,Control,0.0
cell_122,Astrocytes,Control,0.0
cell_123,Astrocytes,Control,0.0
cell_124,Astrocytes,Control,0.0
cell_125,Astrocytes,Control,0.0
cell_126,Astrocytes,Control,0.0
cell_127,Astrocytes,Control,0.0
cell_128,Astrocytes,Control,0.0
cell_129,Astrocytes,Control,0.0
cell_130,Astrocytes,Control,0.0
cell_131,Astrocytes,Control,0.0
cell_132,Astrocytes,Control,0.0
cell_133,Astrocytes,Control,0.0
cell_134,Astrocytes,Control,0.0
cell_135,Astrocytes,Control,0.0
cell_136,Astrocytes,Control,0.0
cell_137,Astrocytes,Control,0.0
cell_138,Astrocytes,Control,0.0
cell_139,Astrocytes,Control,0.0
cell_140,Astrocytes,Control,0.0
cell_141,Astrocytes,Control,0.0
cell_142,Astrocytes,Control,0.0
cell_143,Astrocytes,Control,0.0
cell_144,Astrocytes,MCI,0.5
cell_145,Astrocytes,MCI,0.5
cell_146,Astrocytes,MCI,0.5
cell_147,Astrocytes,MCI,0.5
cell_148,Astrocytes,MCI,0.5
cell_149,Astrocytes,MCI,0.5
cell_150,Astrocytes,MCI,0.5
cell_151,Astrocytes,MCI,0.5
cell_152,Astrocytes,MCI,0.5
cell_153,Astrocytes,MCI,0.5
cell_154,Astrocytes,MCI,0.5
cell_155,Astrocytes,MCI,0.5
cell_156,Astrocytes,MCI,0.5
cell_157,Astrocytes,MCI,0.5
cell_158,Astrocytes,MCI,0.5
cell_159,Astrocytes,MCI,0.5
cell_160,Astrocytes,MCI,0.5
cell_161,Astrocytes,MCI,0.5
cell_162,Astrocytes,MCI,0.5
cell_163,Astrocytes,MCI,0.5
cell_164,Astrocytes,MCI,0.5
cell_165,Astrocytes,MCI,0.5
cell_166,Astrocytes,MCI,0.5
cell_167,Astrocytes,MCI,0.5
cell_168,Astrocytes,MCI,0.5
cell_169,Astrocytes,MCI,0.5
cell_170,Astrocytes,MCI,0.5
cell_171,Astrocytes,MCI,0.5
cell_172,Astrocytes,MCI,0.5
cell_173,Astrocytes,MCI,0.5
cell_174,Astrocytes,MCI,0.5
cell_175,Astrocytes,MCI,0.5
cell_176,Astrocytes,MCI,0.5
cell_177,Astrocytes,MCI,0.5
cell_178,Astrocytes,MCI,0.5
cell_179,Astrocytes,MCI,0.5
cell_180,Astrocytes,AD,1.0
cell_181,Astrocytes,AD,1.0
cell_182,Astrocytes,AD,1.0
cell_183,Astrocytes,AD,1.0
cell_184,Astrocytes,AD,1.0
cell_185,Astrocytes,AD,1.0
cell_186,Astrocytes,AD,1.0
cell_187,Astrocytes,AD,1.0
cell_188,Astrocytes,AD,1.0
cell_189,Astrocytes,AD,1.0
cell_190,Astrocytes,AD,1.0
cell_191,Astrocytes,AD,1.0
cell_192,Astrocytes,AD,1.0
cell_193,Astrocytes,AD,1.0
cell_194,Astrocytes,AD,1.0
cell_195,Astrocytes,AD,1.0
cell_196,Astrocytes,AD,1.0
cell_197,Astrocytes,AD,1.0
cell_198,Astrocytes,AD,1.0
cell_199,Astrocytes,AD,1.0
cell_200,Astrocytes,AD,1.0
cell_201,Astrocytes,AD,1.0
cell_202,Astrocytes,AD,1.0
cell_203,Astrocytes,AD,1.0
cell_204,Astrocytes,AD,1.0
cell_205,Astrocytes,AD,1.0
cell_206,Astrocytes,AD,1.0
cell_207,Astrocytes,AD,1.0
cell_208,Astrocytes,AD,1.0
cell_209,Astrocytes,AD,1.0
cell_210,Astrocytes,AD,1.0
cell_211,Astrocytes,AD,1.0
cell_212,Astrocytes,AD,1.0
cell_213,Astrocytes,AD,1.0
cell_214,Astrocytes,AD,1.0
cell_215,Astrocytes,AD,1.0
cell_216,Excitatory_neurons,Control,0.0
cell_217,Excitatory_neurons,Control,0.0
cell_218,Excitatory_neurons,Control,0.0
cell_219,Excitatory_neurons,Control,0.0
cell_220,Excitatory_neurons,Control,0.0
cell_221,Excitatory_neurons,Control,0.0
cell_222,Excitatory_neurons,Control,0.0
cell_223,Excitatory_neurons,Control,0.0
cell_224,Excitatory_neurons,Control,0.0
cell_225,Excitatory_neurons,Control,0.0
cell_226,Excitatory_neurons,Control,0.0
cell_227,Excitatory_neurons,Control,0.0
cell_228,Excitatory_neurons,Control,0.0
cell_229,Excitatory_neurons,Control,0.0
cell_230,Excitatory_neurons,Control,0.0
cell_231,Excitatory_neurons,Control,0.0
cell_232,Excitatory_neurons,Control,0.0
cell_233,Excitatory_neurons,Control,0.0
cell_234,Excitatory_neurons,Control,0.0
cell_235,Excitatory_neurons,Control,0.0
cell_236,Excitatory_neurons,Control,0.0
cell_237,Excitatory_neurons,Control,0.0
cell_238,Excitatory_neurons,Control,0.0
cell_239,Excitatory_neurons,Control,0.0
cell_240,Excitatory_neurons,Control,0.0
cell_241,Excitatory_neurons,Control,0.0
cell_242,Excitatory_neurons,Control,0.0
cell_243,Excitatory_neurons,Control,0.0
cell_244,Excitatory_neurons,Control,0.0
cell_245,Excitatory_neurons,Control,0.0
cell_246,Excitatory_neurons,Control,0.0
cell_247,Excitatory_neurons,Control,0.0
cell_248,Excitatory_neurons,Control,0.0
cell_249,Excitatory_neurons,Control,0.0
cell_250,Excitatory_neurons,Control,0.0
cell_251,Excitatory_neurons,Control,0.0
cell_252,Excitatory_neurons,MCI,0.5
cell_253,Excitatory_neurons,MCI,0.5
cell_254,Excitatory_neurons,MCI,0.5
cell_255,Excitatory_neurons,MCI,0.5
cell_256,Excitatory_neurons,MCI,0.5
cell_257,Excitatory_neurons,MCI,0.5
cell_258,Excitatory_neurons,MCI,0.5
cell_259,Excitatory_neurons,MCI,0.5
cell_260,Excitatory_neurons,MCI,0.5
cell_261,Excitatory_neurons,MCI,0.5
cell_262,Excitatory_neurons,MCI,0.5
cell_263,Excitatory_neurons,MCI,0.5
cell_264,Excitatory_neurons,MCI,0.5
cell_265,Excitatory_neurons,MCI,0.5
cell_266,Excitatory_neurons,MCI,0.5
cell_267,Excitatory_neurons,MCI,0.5
cell_268,Excitatory_neurons,MCI,0.5
cell_269,Excitatory_neurons,MCI,0.5
cell_270,Excitatory_neurons,MCI,0.5
cell_271,Excitatory_neurons,MCI,0.5
cell_272,Excitatory_neurons,MCI,0.5
cell_273,Excitatory_neurons,MCI,0.5
cell_274,Excitatory_neurons,MCI,0.5
cell_275,Excitatory_neurons,MCI,0.5
cell_276,Excitatory_neurons,MCI,0.5
cell_277,Excitatory_neurons,MCI,0.5
cell_278,Excitatory_neurons,MCI,0.5
cell_279,Excitatory_neurons,MCI,0.5
cell_280,Excitatory_neurons,MCI,0.5
cell_281,Excitatory_neurons,MCI,0.5
cell_282,Excitatory_neurons,MCI,0.5
cell_283,Excitatory_neurons,MCI,0.5
cell_284,Excitatory_neurons,MCI,0.5
cell_285,Excitatory_neurons,MCI,0.5
cell_286,Excitatory_neurons,MCI,0.5
cell_287,Excitatory_neurons,MCI,0.5
cell_288,Excitatory_neurons,AD,1.0
cell_289,Excitatory_neurons,AD,1.0
cell_290,Excitatory_neurons,AD,1.0
cell_291,Excitatory_neurons,AD,1.0
cell_292,Excitatory_neurons,AD,1.0
cell_293,Excitatory_neurons,AD,1.0
cell_294,Excitatory_neurons,AD,1.0
cell_295,Excitatory_neurons,AD,1.0
cell_296,Excitatory_neurons,AD,1.0
cell_297,Excitatory_neurons,AD,1.0
cell_298,Excitatory_neurons,AD,1.0
cell_299,Excitatory_neurons,AD,1.0
cell_300,Excitatory_neurons,AD,1.0
cell_301,Excitatory_neurons,AD,1.0
cell_302,Excitatory_neurons,AD,1.0
cell_303,Excitatory_neurons,AD,1.0
cell_304,Excitatory_neurons,AD,1.0
cell_305,Excitatory_neurons,AD,1.0
cell_306,Excitatory_neurons,AD,1.0
cell_307,Excitatory_neurons,AD,1.0
cell_308,Excitatory_neurons,AD,1.0
cell_309,Excitatory_neurons,AD,1.0
cell_310,Excitatory_neurons,AD,1.0
cell_311,Excitatory_neurons,AD,1.0
cell_312,Excitatory_neurons,AD,1.0
cell_313,Excitatory_neurons,AD,1.0
cell_314,Excitatory_neurons,AD,1.0
cell_315,Excitatory_neurons,AD,1.0
cell_316,Excitatory_neurons,AD,1.0
cell_317,Excitatory_neurons,AD,1.0
cell_318,Excitatory_neurons,AD,1.0
cell_319,Excitatory_neurons,AD,1.0
cell_320,Excitatory_neurons,AD,1.0
cell_321,Excitatory_neurons,AD,1.0
cell_322,Excitatory_neurons,AD,1.0
cell_323,Excitatory_neurons,AD,1.0
