cell_type,gene,route_weight,synthetic_gwas_p,synthetic_eqtl_p
Microglia,GENE_01,1.0,0.000630957344480193,0.0001
Microglia,GENE_02,0.85,0.0002928644564625234,5.623413251903491e-05
Microglia,GENE_03,0.7,0.00013593563908785255,3.1622776601683795e-05
Microglia,GENE_04,0.55,6.309573444801929e-05,1.778279410038923e-05
Microglia,GENE_05,0.4,2.9286445646252374e-05,1e-05
Astrocytes,GENE_06,1.0,0.000630957344480193,0.0001
Astrocytes,GENE_07,0.85,0.0002928644564625234,5.623413251903491e-05
Astrocytes,GENE_08,0.7,0.00013593563908785255,3.1622776601683795e-05
Astrocytes,GENE_09,0.55,6.309573444801929e-05,1.778279410038923e-05
Astrocytes,GENE_10,0.4,2.9286445646252374e-05,1e-05
Excitatory_neurons,GENE_11,1.0,0.000630957344480193,0.0001
Excitatory_neurons,GENE_12,0.85,0.0002928644564625234,5.623413251903491e-05
Excitatory_neurons,GENE_13,0.7,0.00013593563908785255,3.1622776601683795e-05
Excitatory_neurons,GENE_14,0.55,6.309573444801929e-05,1.778279410038923e-05
Excitatory_neurons,GENE_15,0.4,2.9286445646252374e-05,1e-05
