cell_id,GENE_01,GENE_02,GENE_03,GENE_04,GENE_05,GENE_06,GENE_07,GENE_08,GENE_09,GENE_10,GENE_11,GENE_12,GENE_13,GENE_14,GENE_15,GENE_16,GENE_17,GENE_18,GENE_19,GENE_20,GENE_21,GENE_22,GENE_23,GENE_24,GENE_25,GENE_26,GENE_27,GENE_28,GENE_29,GENE_30,GENE_31,GENE_32,GENE_33,GENE_34,GENE_35,GENE_36,GENE_37,GENE_38,GENE_39,GENE_40,GENE_41,GENE_42,GENE_43,GENE_44,GENE_45,GENE_46,GENE_47,GENE_48
cell_000,3.0,2.0,5.0,2.0,2.0,3.0,2.0,5.0,2.0,3.0,1.0,0.0,3.0,1.0,1.0,0.0,3.0,2.0,2.0,2.0,1.0,2.0,2.0,4.0,1.0,0.0,2.0,1.0,4.0,3.0,3.0,3.0,5.0,1.0,0.0,1.0,1.0,3.0,2.0,2.0,0.0,4.0,5.0,0.0,0.0,1.0,1.0,0.0
cell_001,2.0,1.0,3.0,2.0,2.0,1.0,2.0,2.0,0.0,0.0,2.0,2.0,2.0,1.0,4.0,0.0,2.0,1.0,2.0,0.0,7.0,1.0,3.0,1.0,0.0,3.0,4.0,0.0,2.0,3.0,0.0,1.0,0.0,3.0,2.0,0.0,1.0,1.0,2.0,3.0,1.0,0.0,0.0,1.0,2.0,0.0,2.0,1.0
cell_002,5.0,3.0,0.0,1.0,6.0,3.0,3.0,2.0,2.0,3.0,3.0,2.0,2.0,2.0,2.0,4.0,2.0,3.0,1.0,1.0,2.0,1.0,4.0,3.0,2.0,1.0,4.0,2.0,3.0,3.0,1.0,2.0,1.0,2.0,2.0,1.0,3.0,0.0,2.0,5.0,1.0,1.0,2.0,0.0,1.0,1.0,1.0,1.0
cell_003,3.0,2.0,3.0,3.0,1.0,1.0,2.0,3.0,3.0,3.0,3.0,2.0,2.0,2.0,1.0,1.0,1.0,1.0,3.0,1.0,0.0,3.0,3.0,2.0,0.0,1.0,3.0,0.0,1.0,0.0,4.0,4.0,1.0,1.0,2.0,2.0,1.0,3.0,2.0,1.0,2.0,1.0,2.0,1.0,3.0,3.0,3.0,1.0
cell_004,3.0,5.0,5.0,3.0,2.0,0.0,4.0,1.0,2.0,2.0,0.0,3.0,0.0,2.0,2.0,0.0,1.0,2.0,2.0,3.0,3.0,1.0,0.0,1.0,1.0,0.0,0.0,2.0,1.0,3.0,0.0,1.0,1.0,0.0,1.0,0.0,2.0,0.0,3.0,0.0,1.0,4.0,1.0,0.0,3.0,1.0,3.0,1.0
cell_005,4.0,3.0,2.0,3.0,1.0,1.0,7.0,4.0,1.0,0.0,0.0,2.0,0.0,1.0,0.0,2.0,1.0,1.0,2.0,3.0,3.0,0.0,1.0,2.0,0.0,1.0,2.0,0.0,3.0,2.0,2.0,0.0,3.0,3.0,1.0,4.0,1.0,3.0,2.0,2.0,1.0,1.0,1.0,3.0,1.0,2.0,3.0,2.0
cell_006,5.0,2.0,4.0,1.0,0.0,3.0,2.0,2.0,3.0,3.0,3.0,3.0,0.0,0.0,5.0,0.0,3.0,6.0,0.0,1.0,3.0,4.0,1.0,1.0,0.0,4.0,0.0,1.0,4.0,2.0,1.0,1.0,2.0,3.0,2.0,1.0,2.0,4.0,1.0,1.0,1.0,1.0,3.0,2.0,3.0,5.0,1.0,2.0
cell_007,2.0,2.0,1.0,4.0,3.0,2.0,7.0,3.0,1.0,3.0,3.0,2.0,0.0,1.0,5.0,5.0,2.0,1.0,2.0,4.0,1.0,2.0,4.0,2.0,1.0,2.0,1.0,3.0,1.0,0.0,1.0,4.0,1.0,0.0,2.0,0.0,2.0,2.0,2.0,3.0,1.0,0.0,1.0,4.0,2.0,2.0,1.0,3.0
cell_008,2.0,3.0,6.0,3.0,3.0,1.0,6.0,1.0,2.0,1.0,1.0,2.0,2.0,3.0,1.0,1.0,2.0,1.0,2.0,0.0,2.0,5.0,0.0,1.0,1.0,1.0,3.0,2.0,1.0,1.0,2.0,2.0,3.0,2.0,2.0,1.0,2.0,0.0,1.0,0.0,3.0,0.0,2.0,1.0,0.0,4.0,1.0,2.0
cell_009,1.0,2.0,3.0,1.0,0.0,5.0,0.0,1.0,1.0,1.0,0.0,1.0,3.0,4.0,3.0,0.0,2.0,1.0,2.0,0.0,2.0,2.0,2.0,2.0,3.0,1.0,1.0,3.0,1.0,2.0,2.0,1.0,6.0,1.0,0.0,3.0,2.0,3.0,2.0,4.0,2.0,3.0,2.0,2.0,4.0,0.0,3.0,3.0
cell_010,3.0,5.0,6.0,1.0,4.0,2.0,4.0,2.0,1.0,1.0,0.0,5.0,3.0,4.0,2.0,1.0,2.0,2.0,2.0,1.0,0.0,1.0,4.0,2.0,1.0,2.0,4.0,3.0,2.0,0.0,2.0,0.0,0.0,2.0,1.0,2.0,4.0,0.0,2.0,2.0,0.0,2.0,1.0,1.0,1.0,1.0,3.0,0.0
cell_011,3.0,2.0,1.0,4.0,3.0,1.0,3.0,3.0,4.0,3.0,5.0,0.0,2.0,1.0,1.0,4.0,1.0,0.0,4.0,3.0,5.0,3.0,2.0,1.0,1.0,0.0,2.0,2.0,4.0,2.0,4.0,3.0,3.0,1.0,0.0,2.0,3.0,0.0,3.0,4.0,3.0,1.0,1.0,2.0,1.0,1.0,3.0,1.0
cell_012,1.0,3.0,5.0,3.0,2.0,0.0,5.0,4.0,1.0,1.0,1.0,0.0,1.0,2.0,1.0,3.0,3.0,0.0,0.0,4.0,0.0,4.0,4.0,2.0,0.0,3.0,3.0,0.0,5.0,4.0,2.0,2.0,2.0,1.0,1.0,0.0,2.0,1.0,2.0,2.0,3.0,4.0,4.0,4.0,0.0,2.0,2.0,2.0
cell_013,3.0,3.0,0.0,4.0,5.0,4.0,2.0,0.0,1.0,5.0,0.0,2.0,1.0,1.0,2.0,2.0,5.0,2.0,4.0,5.0,0.0,2.0,1.0,1.0,0.0,2.0,5.0,2.0,1.0,0.0,2.0,3.0,1.0,2.0,0.0,0.0,0.0,4.0,0.0,2.0,2.0,0.0,1.0,2.0,1.0,2.0,3.0,1.0
cell_014,3.0,4.0,6.0,4.0,2.0,6.0,3.0,1.0,1.0,1.0,0.0,0.0,1.0,2.0,2.0,2.0,1.0,2.0,3.0,3.0,2.0,2.0,3.0,2.0,2.0,0.0,1.0,1.0,0.0,2.0,4.0,0.0,2.0,2.0,1.0,1.0,2.0,2.0,4.0,2.0,1.0,1.0,3.0,2.0,4.0,5.0,2.0,1.0
cell_015,2.0,4.0,1.0,0.0,1.0,6.0,3.0,2.0,3.0,1.0,3.0,1.0,0.0,1.0,1.0,0.0,2.0,5.0,2.0,1.0,2.0,3.0,2.0,1.0,1.0,3.0,1.0,1.0,1.0,2.0,3.0,1.0,2.0,3.0,3.0,3.0,1.0,1.0,1.0,3.0,2.0,2.0,2.0,2.0,0.0,1.0,2.0,0.0
cell_016,4.0,3.0,0.0,2.0,0.0,2.0,4.0,2.0,1.0,2.0,0.0,2.0,2.0,4.0,2.0,0.0,3.0,0.0,1.0,0.0,2.0,3.0,3.0,2.0,2.0,2.0,2.0,2.0,3.0,1.0,2.0,1.0,2.0,0.0,1.0,1.0,2.0,4.0,1.0,5.0,1.0,2.0,5.0,1.0,2.0,2.0,1.0,3.0
cell_017,0.0,2.0,4.0,2.0,2.0,3.0,4.0,2.0,3.0,3.0,0.0,1.0,2.0,0.0,1.0,2.0,1.0,1.0,0.0,2.0,1.0,4.0,1.0,1.0,0.0,2.0,6.0,1.0,2.0,2.0,4.0,0.0,4.0,4.0,7.0,3.0,0.0,3.0,2.0,0.0,3.0,3.0,4.0,3.0,0.0,2.0,0.0,4.0
cell_018,1.0,3.0,1.0,2.0,1.0,2.0,2.0,2.0,2.0,6.0,1.0,1.0,1.0,1.0,1.0,1.0,1.0,4.0,1.0,1.0,2.0,0.0,1.0,1.0,1.0,1.0,1.0,1.0,1.0,1.0,1.0,2.0,2.0,3.0,0.0,2.0,0.0,4.0,6.0,1.0,3.0,0.0,1.0,1.0,2.0,1.0,2.0,2.0
cell_019,1.0,1.0,2.0,3.0,2.0,3.0,3.0,3.0,3.0,2.0,2.0,4.0,2.0,2.0,0.0,1.0,1.0,3.0,0.0,3.0,2.0,0.0,1.0,1.0,1.0,1.0,2.0,3.0,0.0,0.0,4.0,1.0,2.0,2.0,2.0,1.0,0.0,1.0,4.0,1.0,2.0,2.0,2.0,1.0,1.0,5.0,2.0,3.0
cell_020,3.0,3.0,2.0,3.0,2.0,1.0,1.0,3.0,0.0,1.0,1.0,3.0,4.0,1.0,1.0,1.0,1.0,2.0,1.0,1.0,0.0,1.0,0.0,0.0,2.0,3.0,3.0,2.0,0.0,2.0,0.0,0.0,1.0,2.0,2.0,1.0,1.0,1.0,1.0,3.0,2.0,0.0,2.0,3.0,1.0,1.0,1.0,1.0
cell_021,3.0,2.0,4.0,2.0,2.0,5.0,3.0,1.0,2.0,3.0,3.0,3.0,1.0,1.0,2.0,2.0,0.0,1.0,2.0,1.0,5.0,2.0,2.0,1.0,2.0,0.0,2.0,0.0,2.0,1.0,0.0,1.0,1.0,2.0,1.0,1.0,1.0,0.0,3.0,0.0,1.0,2.0,1.0,2.0,1.0,2.0,2.0,4.0
cell_022,3.0,2.0,0.0,0.0,3.0,3.0,1.0,3.0,3.0,1.0,1.0,1.0,1.0,0.0,1.0,4.0,2.0,1.0,4.0,1.0,1.0,2.0,2.0,2.0,3.0,1.0,1.0,0.0,4.0,2.0,1.0,2.0,2.0,0.0,1.0,2.0,2.0,0.0,3.0,2.0,1.0,2.0,1.0,0.0,2.0,3.0,4.0,2.0
cell_023,4.0,0.0,1.0,2.0,2.0,5.0,1.0,1.0,0.0,1.0,0.0,3.0,0.0,1.0,1.0,0.0,3.0,1.0,0.0,2.0,0.0,2.0,2.0,1.0,1.0,0.0,0.0,0.0,1.0,2.0,2.0,2.0,1.0,1.0,2.0,2.0,1.0,2.0,1.0,4.0,0.0,1.0,1.0,2.0,1.0,0.0,1.0,0.0
cell_024,1.0,5.0,4.0,3.0,5.0,2.0,4.0,5.0,0.0,4.0,6.0,2.0,4.0,3.0,0.0,1.0,3.0,3.0,2.0,3.0,6.0,3.0,0.0,4.0,0.0,1.0,1.0,4.0,2.0,2.0,3.0,2.0,0.0,0.0,1.0,1.0,0.0,1.0,1.0,3.0,2.0,4.0,1.0,2.0,0.0,1.0,0.0,2.0
cell_025,1.0,0.0,0.0,2.0,2.0,2.0,2.0,3.0,2.0,2.0,1.0,1.0,4.0,0.0,0.0,2.0,5.0,2.0,1.0,0.0,2.0,3.0,1.0,2.0,2.0,2.0,1.0,1.0,4.0,3.0,4.0,6.0,4.0,0.0,0.0,0.0,3.0,0.0,2.0,3.0,3.0,2.0,4.0,0.0,3.0,3.0,2.0,1.0
cell_026,3.0,3.0,7.0,1.0,2.0,3.0,4.0,4.0,1.0,2.0,0.0,0.0,2.0,2.0,2.0,2.0,1.0,3.0,2.0,2.0,3.0,1.0,0.0,0.0,4.0,1.0,3.0,2.0,0.0,2.0,3.0,3.0,0.0,6.0,2.0,0.0,2.0,3.0,3.0,1.0,2.0,4.0,2.0,1.0,1.0,2.0,4.0,1.0
cell_027,2.0,1.0,0.0,2.0,2.0,2.0,6.0,3.0,2.0,1.0,3.0,2.0,2.0,1.0,1.0,0.0,3.0,2.0,1.0,0.0,3.0,0.0,1.0,0.0,0.0,1.0,4.0,3.0,1.0,2.0,3.0,2.0,1.0,4.0,0.0,1.0,1.0,0.0,1.0,1.0,1.0,2.0,0.0,0.0,0.0,4.0,1.0,5.0
cell_028,0.0,3.0,3.0,3.0,1.0,4.0,9.0,4.0,1.0,4.0,3.0,3.0,2.0,0.0,0.0,1.0,2.0,3.0,1.0,1.0,1.0,2.0,4.0,2.0,1.0,1.0,2.0,3.0,2.0,1.0,2.0,0.0,0.0,1.0,4.0,1.0,1.0,0.0,2.0,1.0,4.0,2.0,1.0,3.0,3.0,1.0,2.0,1.0
cell_029,1.0,1.0,3.0,8.0,1.0,3.0,1.0,1.0,0.0,1.0,0.0,0.0,0.0,0.0,0.0,0.0,3.0,1.0,0.0,2.0,4.0,2.0,1.0,3.0,0.0,1.0,0.0,2.0,2.0,0.0,2.0,1.0,1.0,0.0,2.0,1.0,1.0,2.0,2.0,1.0,2.0,2.0,1.0,3.0,0.0,0.0,3.0,0.0
cell_030,0.0,1.0,1.0,3.0,5.0,7.0,0.0,4.0,4.0,2.0,4.0,1.0,1.0,3.0,6.0,0.0,0.0,1.0,1.0,3.0,3.0,4.0,3.0,0.0,0.0,0.0,0.0,1.0,2.0,3.0,3.0,2.0,2.0,1.0,1.0,0.0,4.0,0.0,1.0,1.0,1.0,1.0,3.0,3.0,1.0,2.0,1.0,3.0
cell_031,2.0,1.0,3.0,3.0,2.0,0.0,1.0,3.0,2.0,4.0,4.0,1.0,1.0,1.0,2.0,3.0,1.0,3.0,1.0,3.0,1.0,3.0,1.0,2.0,2.0,0.0,0.0,1.0,2.0,2.0,1.0,3.0,3.0,1.0,1.0,1.0,4.0,1.0,1.0,1.0,0.0,3.0,3.0,3.0,2.0,0.0,0.0,0.0
cell_032,2.0,2.0,2.0,2.0,5.0,5.0,7.0,2.0,7.0,0.0,4.0,3.0,2.0,1.0,1.0,1.0,3.0,0.0,3.0,2.0,2.0,1.0,4.0,2.0,1.0,1.0,1.0,3.0,2.0,0.0,3.0,1.0,1.0,0.0,1.0,3.0,1.0,1.0,2.0,3.0,2.0,2.0,2.0,1.0,2.0,2.0,0.0,3.0
cell_033,3.0,2.0,6.0,2.0,3.0,4.0,1.0,4.0,3.0,1.0,1.0,1.0,0.0,2.0,1.0,1.0,1.0,2.0,0.0,1.0,2.0,1.0,1.0,1.0,3.0,1.0,3.0,2.0,4.0,2.0,1.0,1.0,2.0,2.0,4.0,2.0,1.0,3.0,2.0,0.0,2.0,1.0,2.0,1.0,2.0,3.0,2.0,2.0
cell_034,4.0,1.0,3.0,3.0,1.0,4.0,1.0,4.0,0.0,2.0,0.0,4.0,5.0,1.0,1.0,4.0,3.0,1.0,2.0,2.0,3.0,0.0,0.0,2.0,3.0,3.0,1.0,0.0,3.0,1.0,0.0,2.0,1.0,1.0,2.0,3.0,3.0,2.0,2.0,2.0,1.0,3.0,0.0,6.0,0.0,4.0,4.0,1.0
cell_035,4.0,2.0,3.0,5.0,4.0,3.0,3.0,4.0,1.0,2.0,2.0,2.0,3.0,3.0,5.0,3.0,2.0,4.0,2.0,2.0,2.0,3.0,3.0,4.0,4.0,2.0,4.0,0.0,0.0,2.0,0.0,1.0,1.0,5.0,1.0,0.0,3.0,3.0,1.0,1.0,2.0,5.0,1.0,2.0,1.0,2.0,2.0,4.0
cell_036,4.0,3.0,9.0,5.0,0.0,1.0,2.0,2.0,1.0,4.0,0.0,0.0,2.0,0.0,1.0,1.0,3.0,4.0,3.0,0.0,0.0,1.0,2.0,0.0,0.0,0.0,1.0,0.0,3.0,0.0,5.0,2.0,3.0,1.0,1.0,2.0,1.0,1.0,1.0,1.0,0.0,1.0,2.0,0.0,2.0,1.0,1.0,3.0
cell_037,1.0,7.0,5.0,4.0,1.0,5.0,3.0,3.0,3.0,1.0,0.0,1.0,1.0,0.0,1.0,2.0,2.0,1.0,2.0,0.0,1.0,3.0,2.0,0.0,0.0,4.0,2.0,1.0,3.0,3.0,3.0,1.0,3.0,5.0,2.0,0.0,1.0,0.0,0.0,1.0,1.0,2.0,1.0,2.0,3.0,1.0,2.0,1.0
cell_038,3.0,2.0,2.0,3.0,3.0,1.0,3.0,0.0,1.0,1.0,2.0,2.0,2.0,5.0,1.0,1.0,3.0,2.0,1.0,1.0,1.0,4.0,1.0,1.0,0.0,1.0,4.0,1.0,1.0,2.0,2.0,3.0,1.0,1.0,5.0,2.0,2.0,1.0,2.0,4.0,3.0,3.0,1.0,1.0,2.0,1.0,0.0,1.0
cell_039,2.0,4.0,2.0,3.0,5.0,1.0,1.0,1.0,2.0,0.0,3.0,2.0,1.0,1.0,4.0,1.0,0.0,1.0,0.0,2.0,1.0,2.0,0.0,2.0,4.0,1.0,3.0,1.0,2.0,2.0,2.0,2.0,4.0,2.0,1.0,3.0,2.0,0.0,3.0,1.0,4.0,0.0,0.0,4.0,1.0,2.0,1.0,1.0
cell_040,3.0,5.0,5.0,3.0,4.0,3.0,3.0,2.0,2.0,1.0,0.0,1.0,0.0,2.0,1.0,1.0,1.0,0.0,1.0,5.0,2.0,1.0,2.0,1.0,4.0,2.0,1.0,1.0,0.0,1.0,4.0,0.0,5.0,0.0,4.0,2.0,2.0,1.0,2.0,1.0,6.0,1.0,1.0,2.0,1.0,1.0,0.0,1.0
cell_041,5.0,5.0,3.0,2.0,1.0,2.0,1.0,2.0,3.0,0.0,0.0,1.0,3.0,0.0,3.0,2.0,0.0,4.0,1.0,2.0,1.0,1.0,2.0,0.0,0.0,2.0,2.0,2.0,1.0,0.0,1.0,2.0,3.0,5.0,1.0,0.0,2.0,0.0,0.0,3.0,2.0,4.0,5.0,4.0,1.0,1.0,3.0,1.0
cell_042,4.0,4.0,5.0,3.0,3.0,2.0,3.0,3.0,1.0,3.0,1.0,1.0,2.0,3.0,5.0,2.0,2.0,3.0,5.0,1.0,1.0,1.0,1.0,0.0,1.0,1.0,2.0,3.0,2.0,1.0,3.0,2.0,1.0,4.0,2.0,2.0,1.0,1.0,2.0,1.0,1.0,4.0,2.0,2.0,1.0,1.0,3.0,3.0
cell_043,5.0,3.0,1.0,2.0,5.0,2.0,3.0,3.0,1.0,1.0,0.0,0.0,0.0,2.0,1.0,1.0,5.0,1.0,3.0,3.0,4.0,4.0,4.0,3.0,3.0,4.0,2.0,3.0,2.0,3.0,0.0,3.0,2.0,0.0,1.0,4.0,2.0,2.0,4.0,3.0,2.0,3.0,2.0,3.0,1.0,2.0,3.0,1.0
cell_044,4.0,3.0,2.0,2.0,2.0,2.0,2.0,1.0,0.0,1.0,2.0,1.0,4.0,0.0,1.0,2.0,4.0,0.0,2.0,0.0,0.0,1.0,4.0,1.0,1.0,2.0,2.0,1.0,1.0,3.0,2.0,2.0,4.0,2.0,5.0,5.0,0.0,1.0,1.0,0.0,2.0,1.0,1.0,1.0,1.0,3.0,0.0,2.0
cell_045,3.0,2.0,7.0,3.0,3.0,5.0,3.0,1.0,0.0,2.0,2.0,0.0,1.0,1.0,1.0,0.0,2.0,3.0,0.0,3.0,1.0,1.0,1.0,2.0,1.0,5.0,1.0,0.0,3.0,2.0,1.0,0.0,2.0,3.0,1.0,2.0,0.0,1.0,2.0,2.0,0.0,3.0,1.0,3.0,2.0,1.0,0.0,0.0
cell_046,1.0,6.0,3.0,4.0,3.0,2.0,1.0,4.0,3.0,1.0,2.0,2.0,1.0,0.0,2.0,1.0,2.0,1.0,1.0,4.0,1.0,3.0,1.0,1.0,1.0,1.0,2.0,4.0,2.0,2.0,2.0,1.0,1.0,6.0,2.0,1.0,2.0,2.0,0.0,0.0,3.0,5.0,4.0,2.0,0.0,3.0,3.0,1.0
cell_047,4.0,4.0,4.0,4.0,4.0,1.0,1.0,2.0,2.0,1.0,2.0,1.0,1.0,2.0,0.0,2.0,1.0,0.0,2.0,1.0,4.0,2.0,1.0,4.0,0.0,0.0,0.0,0.0,0.0,2.0,4.0,1.0,0.0,1.0,2.0,5.0,1.0,5.0,2.0,0.0,4.0,6.0,0.0,2.0,1.0,1.0,1.0,0.0
cell_048,8.0,2.0,4.0,5.0,3.0,0.0,2.0,2.0,1.0,1.0,2.0,2.0,3.0,2.0,0.0,2.0,3.0,3.0,2.0,2.0,0.0,1.0,0.0,5.0,0.0,3.0,2.0,4.0,1.0,4.0,0.0,2.0,3.0,1.0,3.0,5.0,1.0,2.0,3.0,2.0,2.0,2.0,2.0,1.0,3.0,1.0,3.0,1.0
cell_049,4.0,2.0,3.0,5.0,3.0,4.0,1.0,5.0,3.0,2.0,0.0,1.0,1.0,4.0,3.0,1.0,3.0,3.0,1.0,4.0,3.0,1.0,2.0,0.0,1.0,2.0,3.0,1.0,1.0,3.0,4.0,1.0,2.0,3.0,0.0,0.0,2.0,3.0,2.0,1.0,2.0,3.0,0.0,2.0,1.0,1.0,1.0,2.0
cell_050,4.0,3.0,3.0,4.0,1.0,1.0,2.0,6.0,1.0,0.0,1.0,1.0,0.0,1.0,1.0,0.0,3.0,3.0,1.0,4.0,0.0,1.0,4.0,0.0,2.0,3.0,2.0,0.0,1.0,3.0,3.0,2.0,1.0,1.0,1.0,4.0,3.0,1.0,1.0,1.0,2.0,4.0,0.0,3.0,0.0,3.0,2.0,1.0
cell_051,1.0,5.0,2.0,4.0,1.0,4.0,1.0,3.0,1.0,2.0,2.0,0.0,5.0,1.0,2.0,0.0,1.0,0.0,0.0,3.0,1.0,1.0,0.0,2.0,0.0,2.0,1.0,3.0,4.0,1.0,2.0,0.0,5.0,4.0,4.0,1.0,2.0,5.0,3.0,0.0,4.0,3.0,0.0,4.0,1.0,1.0,2.0,0.0
cell_052,3.0,2.0,3.0,2.0,0.0,1.0,2.0,3.0,3.0,3.0,3.0,1.0,2.0,1.0,0.0,2.0,0.0,0.0,1.0,0.0,1.0,4.0,2.0,4.0,0.0,1.0,0.0,0.0,1.0,1.0,1.0,3.0,4.0,4.0,0.0,3.0,0.0,0.0,0.0,0.0,1.0,2.0,6.0,1.0,3.0,3.0,0.0,2.0
cell_053,3.0,5.0,5.0,5.0,6.0,3.0,1.0,2.0,1.0,4.0,0.0,4.0,3.0,0.0,2.0,2.0,2.0,2.0,1.0,2.0,0.0,2.0,2.0,0.0,2.0,3.0,2.0,1.0,0.0,2.0,6.0,3.0,1.0,0.0,3.0,1.0,1.0,2.0,2.0,2.0,4.0,2.0,2.0,4.0,1.0,5.0,1.0,1.0
cell_054,5.0,4.0,6.0,8.0,2.0,0.0,2.0,3.0,0.0,4.0,2.0,0.0,1.0,6.0,4.0,2.0,1.0,2.0,0.0,1.0,3.0,3.0,4.0,1.0,2.0,3.0,1.0,0.0,2.0,0.0,0.0,2.0,2.0,3.0,0.0,2.0,1.0,1.0,1.0,2.0,3.0,2.0,2.0,2.0,3.0,0.0,1.0,4.0
cell_055,4.0,1.0,5.0,3.0,3.0,4.0,4.0,1.0,0.0,0.0,0.0,1.0,2.0,3.0,3.0,2.0,2.0,2.0,3.0,0.0,1.0,2.0,3.0,2.0,3.0,3.0,3.0,1.0,3.0,1.0,2.0,2.0,3.0,3.0,4.0,0.0,1.0,0.0,4.0,1.0,0.0,4.0,2.0,0.0,5.0,3.0,5.0,0.0
cell_056,6.0,5.0,4.0,4.0,2.0,3.0,5.0,2.0,3.0,2.0,2.0,0.0,0.0,0.0,3.0,2.0,1.0,2.0,1.0,0.0,6.0,3.0,0.0,3.0,1.0,1.0,4.0,0.0,0.0,0.0,3.0,1.0,1.0,3.0,3.0,2.0,0.0,2.0,3.0,0.0,1.0,0.0,0.0,0.0,1.0,1.0,2.0,1.0
cell_057,4.0,1.0,3.0,3.0,1.0,2.0,3.0,3.0,0.0,0.0,1.0,2.0,2.0,0.0,3.0,1.0,2.0,0.0,2.0,1.0,1.0,1.0,2.0,2.0,2.0,1.0,3.0,1.0,3.0,0.0,1.0,2.0,1.0,1.0,2.0,0.0,4.0,0.0,2.0,1.0,4.0,3.0,2.0,4.0,1.0,3.0,1.0,3.0
cell_058,4.0,2.0,1.0,3.0,2.0,3.0,1.0,0.0,1.0,2.0,2.0,1.0,1.0,1.0,2.0,4.0,3.0,1.0,2.0,2.0,1.0,3.0,0.0,3.0,1.0,1.0,1.0,3.0,1.0,1.0,1.0,4.0,4.0,3.0,2.0,3.0,2.0,2.0,1.0,2.0,1.0,0.0,1.0,1.0,3.0,2.0,3.0,4.0
cell_059,5.0,5.0,4.0,0.0,2.0,4.0,2.0,2.0,0.0,1.0,4.0,4.0,0.0,3.0,2.0,0.0,1.0,1.0,1.0,2.0,0.0,3.0,2.0,4.0,2.0,0.0,2.0,0.0,1.0,2.0,2.0,3.0,1.0,2.0,2.0,1.0,2.0,1.0,4.0,2.0,0.0,0.0,3.0,1.0,2.0,0.0,4.0,2.0
cell_060,2.0,5.0,3.0,3.0,4.0,2.0,1.0,1.0,3.0,0.0,0.0,1.0,3.0,0.0,0.0,1.0,3.0,0.0,2.0,4.0,2.0,1.0,1.0,2.0,1.0,0.0,1.0,2.0,1.0,0.0,1.0,2.0,6.0,2.0,3.0,0.0,1.0,2.0,3.0,1.0,3.0,1.0,3.0,1.0,1.0,1.0,0.0,3.0
cell_061,2.0,5.0,1.0,5.0,0.0,2.0,1.0,0.0,3.0,3.0,2.0,4.0,0.0,1.0,2.0,1.0,1.0,0.0,1.0,0.0,1.0,1.0,4.0,1.0,2.0,0.0,4.0,0.0,0.0,2.0,1.0,0.0,2.0,1.0,1.0,2.0,1.0,2.0,1.0,2.0,1.0,3.0,2.0,4.0,0.0,3.0,3.0,1.0
cell_062,1.0,5.0,0.0,1.0,4.0,2.0,6.0,5.0,0.0,3.0,2.0,3.0,2.0,4.0,0.0,1.0,1.0,0.0,2.0,1.0,2.0,2.0,4.0,2.0,2.0,0.0,2.0,1.0,2.0,0.0,2.0,2.0,2.0,1.0,0.0,4.0,1.0,4.0,2.0,4.0,0.0,1.0,2.0,0.0,2.0,2.0,1.0,5.0
cell_063,3.0,2.0,6.0,3.0,1.0,4.0,1.0,1.0,3.0,3.0,2.0,1.0,1.0,1.0,4.0,4.0,0.0,0.0,2.0,3.0,0.0,0.0,1.0,3.0,1.0,4.0,1.0,0.0,4.0,0.0,2.0,2.0,2.0,0.0,3.0,2.0,4.0,4.0,2.0,1.0,0.0,1.0,4.0,2.0,0.0,3.0,6.0,2.0
cell_064,8.0,4.0,3.0,2.0,7.0,1.0,7.0,0.0,2.0,2.0,0.0,3.0,2.0,1.0,2.0,1.0,2.0,1.0,1.0,1.0,0.0,2.0,2.0,1.0,1.0,2.0,1.0,1.0,2.0,2.0,2.0,1.0,3.0,6.0,1.0,2.0,2.0,4.0,2.0,1.0,4.0,1.0,2.0,1.0,0.0,1.0,2.0,1.0
cell_065,0.0,1.0,4.0,3.0,7.0,2.0,1.0,4.0,0.0,1.0,2.0,1.0,1.0,1.0,1.0,1.0,1.0,1.0,1.0,2.0,2.0,3.0,1.0,0.0,1.0,1.0,2.0,1.0,1.0,1.0,1.0,4.0,1.0,3.0,0.0,2.0,0.0,4.0,1.0,1.0,3.0,2.0,1.0,3.0,2.0,0.0,1.0,3.0
cell_066,7.0,2.0,2.0,7.0,6.0,0.0,0.0,6.0,4.0,1.0,0.0,1.0,1.0,2.0,3.0,2.0,1.0,0.0,2.0,2.0,0.0,2.0,0.0,0.0,2.0,1.0,0.0,1.0,2.0,4.0,3.0,2.0,3.0,0.0,1.0,3.0,1.0,1.0,4.0,2.0,4.0,0.0,3.0,4.0,0.0,2.0,3.0,2.0
cell_067,5.0,2.0,4.0,0.0,6.0,3.0,6.0,3.0,3.0,1.0,2.0,3.0,1.0,1.0,1.0,1.0,2.0,1.0,2.0,3.0,1.0,3.0,0.0,3.0,1.0,2.0,4.0,2.0,1.0,3.0,4.0,2.0,3.0,3.0,5.0,2.0,0.0,2.0,2.0,1.0,1.0,3.0,1.0,0.0,0.0,4.0,1.0,4.0
cell_068,5.0,3.0,4.0,3.0,2.0,2.0,4.0,4.0,1.0,4.0,0.0,1.0,3.0,2.0,1.0,3.0,3.0,3.0,2.0,1.0,2.0,4.0,3.0,2.0,2.0,1.0,1.0,3.0,2.0,4.0,1.0,1.0,0.0,0.0,0.0,4.0,1.0,0.0,2.0,1.0,2.0,4.0,1.0,1.0,2.0,0.0,0.0,2.0
cell_069,3.0,5.0,6.0,6.0,2.0,3.0,2.0,0.0,2.0,0.0,1.0,1.0,6.0,0.0,0.0,3.0,1.0,3.0,2.0,1.0,1.0,2.0,4.0,2.0,0.0,5.0,0.0,2.0,2.0,1.0,0.0,1.0,2.0,1.0,1.0,2.0,2.0,0.0,1.0,4.0,1.0,1.0,1.0,2.0,2.0,1.0,1.0,1.0
cell_070,6.0,6.0,4.0,5.0,4.0,2.0,1.0,2.0,1.0,3.0,2.0,1.0,2.0,2.0,2.0,0.0,0.0,0.0,2.0,2.0,1.0,1.0,2.0,2.0,1.0,2.0,0.0,1.0,4.0,3.0,1.0,3.0,3.0,2.0,2.0,3.0,1.0,2.0,4.0,0.0,5.0,3.0,0.0,4.0,0.0,0.0,3.0,0.0
cell_071,1.0,3.0,5.0,4.0,8.0,0.0,1.0,5.0,2.0,4.0,1.0,2.0,3.0,2.0,2.0,5.0,3.0,1.0,0.0,0.0,2.0,0.0,0.0,4.0,1.0,2.0,0.0,3.0,1.0,2.0,2.0,1.0,2.0,2.0,1.0,1.0,1.0,1.0,3.0,2.0,1.0,1.0,0.0,1.0,0.0,1.0,2.0,3.0
cell_072,9.0,6.0,4.0,5.0,6.0,4.0,2.0,2.0,3.0,2.0,1.0,0.0,1.0,1.0,2.0,5.0,2.0,1.0,4.0,2.0,2.0,3.0,1.0,3.0,0.0,3.0,1.0,2.0,1.0,1.0,2.0,2.0,1.0,1.0,0.0,3.0,3.0,2.0,2.0,3.0,0.0,3.0,3.0,0.0,0.0,1.0,2.0,1.0
cell_073,2.0,4.0,7.0,0.0,2.0,3.0,0.0,0.0,3.0,3.0,1.0,2.0,1.0,3.0,1.0,2.0,2.0,2.0,1.0,1.0,2.0,3.0,1.0,1.0,2.0,4.0,2.0,2.0,1.0,4.0,1.0,0.0,3.0,1.0,0.0,0.0,2.0,0.0,3.0,1.0,2.0,0.0,1.0,1.0,3.0,0.0,3.0,2.0
cell_074,6.0,6.0,4.0,3.0,2.0,2.0,6.0,5.0,0.0,1.0,1.0,1.0,4.0,2.0,3.0,2.0,0.0,4.0,0.0,4.0,1.0,2.0,5.0,0.0,0.0,1.0,2.0,2.0,3.0,2.0,2.0,0.0,3.0,0.0,4.0,3.0,6.0,1.0,0.0,6.0,4.0,4.0,1.0,1.0,0.0,3.0,3.0,3.0
cell_075,5.0,12.0,3.0,5.0,8.0,1.0,3.0,2.0,0.0,5.0,1.0,0.0,2.0,1.0,0.0,2.0,2.0,2.0,1.0,0.0,1.0,1.0,0.0,1.0,1.0,2.0,0.0,1.0,3.0,1.0,1.0,5.0,3.0,3.0,2.0,1.0,2.0,0.0,2.0,0.0,1.0,3.0,2.0,0.0,2.0,1.0,1.0,1.0
cell_076,8.0,6.0,8.0,9.0,6.0,3.0,3.0,6.0,0.0,2.0,5.0,0.0,2.0,3.0,0.0,1.0,1.0,4.0,2.0,2.0,3.0,2.0,1.0,3.0,4.0,3.0,1.0,1.0,2.0,1.0,3.0,0.0,3.0,3.0,4.0,2.0,2.0,2.0,4.0,0.0,3.0,2.0,3.0,0.0,0.0,2.0,2.0,4.0
cell_077,9.0,6.0,4.0,6.0,0.0,1.0,0.0,3.0,2.0,3.0,7.0,4.0,2.0,2.0,0.0,0.0,0.0,1.0,0.0,1.0,3.0,1.0,1.0,3.0,0.0,3.0,2.0,2.0,2.0,1.0,5.0,3.0,1.0,3.0,5.0,1.0,2.0,2.0,3.0,3.0,1.0,1.0,2.0,0.0,1.0,2.0,2.0,3.0
cell_078,15.0,5.0,9.0,3.0,1.0,0.0,3.0,6.0,0.0,1.0,3.0,1.0,2.0,5.0,1.0,1.0,3.0,1.0,1.0,2.0,2.0,1.0,0.0,2.0,1.0,1.0,0.0,1.0,0.0,1.0,3.0,0.0,0.0,2.0,1.0,0.0,4.0,0.0,1.0,1.0,1.0,1.0,2.0,3.0,2.0,2.0,2.0,3.0
cell_079,3.0,4.0,9.0,7.0,3.0,2.0,1.0,4.0,1.0,3.0,3.0,3.0,3.0,3.0,2.0,2.0,2.0,1.0,2.0,0.0,0.0,2.0,3.0,0.0,2.0,1.0,4.0,1.0,0.0,1.0,1.0,0.0,2.0,1.0,4.0,0.0,0.0,2.0,3.0,3.0,1.0,4.0,1.0,0.0,0.0,0.0,4.0,3.0
cell_080,4.0,5.0,2.0,6.0,5.0,4.0,2.0,1.0,0.0,0.0,2.0,1.0,1.0,0.0,3.0,3.0,1.0,3.0,3.0,5.0,1.0,3.0,2.0,1.0,2.0,0.0,4.0,0.0,3.0,1.0,5.0,3.0,1.0,0.0,2.0,4.0,2.0,3.0,0.0,3.0,2.0,1.0,3.0,4.0,1.0,1.0,2.0,2.0
cell_081,6.0,5.0,6.0,5.0,2.0,2.0,3.0,0.0,2.0,6.0,2.0,1.0,0.0,1.0,2.0,1.0,7.0,1.0,2.0,0.0,3.0,4.0,1.0,3.0,1.0,2.0,5.0,1.0,2.0,1.0,2.0,2.0,3.0,2.0,0.0,1.0,1.0,2.0,5.0,2.0,1.0,1.0,2.0,0.0,0.0,0.0,3.0,2.0
cell_082,7.0,4.0,7.0,2.0,3.0,2.0,5.0,0.0,2.0,2.0,2.0,1.0,1.0,0.0,2.0,1.0,2.0,2.0,2.0,4.0,2.0,2.0,4.0,0.0,1.0,1.0,2.0,2.0,1.0,3.0,0.0,3.0,1.0,1.0,5.0,2.0,3.0,0.0,0.0,1.0,2.0,3.0,1.0,2.0,0.0,3.0,4.0,0.0
cell_083,8.0,7.0,5.0,6.0,1.0,1.0,1.0,1.0,3.0,2.0,3.0,0.0,2.0,0.0,2.0,2.0,2.0,1.0,0.0,1.0,1.0,1.0,2.0,0.0,1.0,1.0,3.0,1.0,1.0,0.0,1.0,3.0,1.0,3.0,2.0,3.0,2.0,0.0,2.0,4.0,2.0,2.0,5.0,2.0,1.0,1.0,0.0,1.0
cell_084,7.0,6.0,5.0,7.0,3.0,1.0,1.0,4.0,2.0,1.0,1.0,0.0,1.0,0.0,1.0,2.0,1.0,3.0,2.0,0.0,1.0,0.0,3.0,2.0,2.0,2.0,1.0,1.0,1.0,3.0,3.0,0.0,4.0,2.0,0.0,1.0,3.0,4.0,2.0,2.0,3.0,1.0,2.0,1.0,1.0,7.0,3.0,0.0
cell_085,13.0,4.0,5.0,3.0,2.0,3.0,4.0,2.0,1.0,2.0,4.0,0.0,2.0,2.0,3.0,3.0,1.0,0.0,1.0,2.0,1.0,2.0,2.0,2.0,3.0,1.0,0.0,0.0,1.0,1.0,7.0,0.0,2.0,2.0,0.0,2.0,4.0,3.0,2.0,4.0,1.0,1.0,1.0,0.0,0.0,2.0,3.0,2.0
cell_086,9.0,5.0,6.0,5.0,2.0,1.0,2.0,4.0,0.0,3.0,2.0,1.0,1.0,2.0,1.0,2.0,1.0,2.0,1.0,1.0,0.0,4.0,1.0,2.0,1.0,2.0,4.0,1.0,4.0,3.0,2.0,5.0,0.0,1.0,1.0,2.0,1.0,1.0,2.0,2.0,3.0,5.0,2.0,1.0,0.0,2.0,2.0,2.0
cell_087,6.0,8.0,4.0,2.0,6.0,2.0,5.0,1.0,4.0,3.0,1.0,4.0,3.0,1.0,0.0,3.0,3.0,3.0,1.0,3.0,3.0,3.0,1.0,1.0,1.0,1.0,2.0,2.0,1.0,2.0,0.0,1.0,1.0,1.0,0.0,3.0,2.0,4.0,1.0,5.0,2.0,1.0,2.0,2.0,0.0,1.0,2.0,0.0
cell_088,7.0,3.0,4.0,3.0,3.0,1.0,0.0,0.0,1.0,1.0,3.0,2.0,2.0,2.0,1.0,0.0,0.0,3.0,1.0,1.0,1.0,2.0,1.0,1.0,3.0,2.0,1.0,1.0,1.0,0.0,1.0,6.0,4.0,1.0,3.0,5.0,0.0,3.0,0.0,0.0,2.0,3.0,1.0,3.0,1.0,1.0,0.0,1.0
cell_089,11.0,5.0,2.0,5.0,2.0,0.0,1.0,3.0,1.0,2.0,3.0,3.0,5.0,1.0,1.0,1.0,0.0,1.0,2.0,3.0,1.0,4.0,2.0,0.0,3.0,3.0,1.0,1.0,1.0,0.0,2.0,0.0,0.0,4.0,0.0,2.0,1.0,1.0,0.0,1.0,5.0,4.0,3.0,1.0,2.0,1.0,1.0,3.0
cell_090,5.0,3.0,4.0,4.0,0.0,1.0,1.0,3.0,1.0,0.0,4.0,0.0,0.0,0.0,4.0,3.0,3.0,2.0,2.0,3.0,0.0,2.0,1.0,3.0,0.0,1.0,0.0,1.0,0.0,2.0,1.0,0.0,4.0,5.0,1.0,3.0,2.0,0.0,1.0,1.0,6.0,0.0,2.0,3.0,2.0,3.0,3.0,0.0
cell_091,0.0,4.0,4.0,7.0,6.0,2.0,6.0,1.0,0.0,0.0,1.0,1.0,0.0,0.0,1.0,4.0,4.0,2.0,1.0,4.0,1.0,1.0,2.0,0.0,0.0,1.0,2.0,1.0,1.0,2.0,2.0,1.0,4.0,0.0,0.0,0.0,3.0,0.0,1.0,4.0,7.0,3.0,2.0,3.0,2.0,1.0,3.0,1.0
cell_092,6.0,8.0,4.0,4.0,4.0,1.0,4.0,3.0,1.0,2.0,1.0,2.0,0.0,1.0,0.0,1.0,1.0,0.0,3.0,2.0,1.0,4.0,1.0,3.0,1.0,1.0,1.0,0.0,2.0,3.0,0.0,1.0,3.0,1.0,1.0,3.0,3.0,4.0,2.0,3.0,1.0,6.0,4.0,2.0,0.0,1.0,3.0,2.0
cell_093,2.0,5.0,6.0,2.0,2.0,5.0,2.0,4.0,1.0,2.0,2.0,0.0,2.0,1.0,1.0,2.0,2.0,2.0,2.0,4.0,1.0,3.0,1.0,2.0,4.0,1.0,2.0,2.0,1.0,4.0,3.0,3.0,2.0,0.0,0.0,1.0,0.0,2.0,0.0,1.0,1.0,5.0,1.0,1.0,1.0,1.0,0.0,0.0
cell_094,3.0,3.0,6.0,4.0,7.0,2.0,1.0,1.0,2.0,1.0,0.0,1.0,1.0,1.0,0.0,2.0,1.0,3.0,0.0,5.0,1.0,4.0,2.0,1.0,2.0,2.0,2.0,1.0,3.0,1.0,1.0,3.0,1.0,3.0,1.0,2.0,2.0,1.0,0.0,0.0,1.0,0.0,4.0,1.0,1.0,1.0,3.0,2.0
cell_095,1.0,10.0,3.0,6.0,2.0,2.0,2.0,3.0,2.0,3.0,2.0,0.0,2.0,1.0,0.0,2.0,2.0,4.0,3.0,1.0,3.0,0.0,1.0,0.0,1.0,2.0,1.0,6.0,1.0,2.0,1.0,2.0,2.0,1.0,2.0,1.0,1.0,3.0,3.0,1.0,5.0,2.0,3.0,1.0,1.0,3.0,2.0,0.0
cell_096,4.0,5.0,7.0,6.0,8.0,2.0,2.0,1.0,1.0,2.0,3.0,2.0,2.0,1.0,3.0,3.0,2.0,1.0,1.0,4.0,2.0,3.0,3.0,2.0,1.0,2.0,3.0,0.0,1.0,4.0,0.0,2.0,0.0,6.0,2.0,2.0,2.0,3.0,1.0,2.0,1.0,3.0,1.0,2.0,1.0,2.0,1.0,2.0
cell_097,1.0,4.0,5.0,5.0,7.0,3.0,4.0,2.0,0.0,3.0,2.0,3.0,2.0,2.0,0.0,3.0,3.0,0.0,1.0,4.0,1.0,0.0,1.0,1.0,1.0,3.0,3.0,1.0,0.0,1.0,3.0,1.0,1.0,3.0,1.0,1.0,0.0,1.0,1.0,4.0,2.0,5.0,1.0,0.0,2.0,0.0,3.0,2.0
cell_098,8.0,3.0,4.0,7.0,2.0,1.0,1.0,1.0,3.0,0.0,2.0,2.0,5.0,2.0,1.0,5.0,3.0,1.0,3.0,5.0,3.0,1.0,1.0,1.0,1.0,0.0,1.0,0.0,2.0,1.0,2.0,2.0,1.0,1.0,4.0,3.0,0.0,1.0,1.0,1.0,1.0,4.0,1.0,3.0,0.0,3.0,1.0,4.0
cell_099,6.0,6.0,6.0,6.0,2.0,3.0,2.0,4.0,2.0,5.0,1.0,1.0,1.0,2.0,2.0,1.0,3.0,3.0,1.0,1.0,1.0,2.0,0.0,1.0,0.0,3.0,3.0,0.0,3.0,2.0,0.0,1.0,4.0,2.0,1.0,1.0,2.0,2.0,2.0,1.0,2.0,1.0,2.0,2.0,2.0,0.0,3.0,2.0
cell_100,4.0,6.0,1.0,3.0,4.0,3.0,1.0,2.0,1.0,1.0,0.0,2.0,1.0,2.0,4.0,1.0,1.0,0.0,3.0,0.0,2.0,0.0,1.0,1.0,3.0,0.0,3.0,2.0,0.0,0.0,2.0,1.0,2.0,4.0,1.0,2.0,2.0,2.0,2.0,2.0,1.0,0.0,2.0,1.0,2.0,1.0,2.0,0.0
cell_101,7.0,5.0,3.0,8.0,2.0,4.0,1.0,1.0,2.0,2.0,5.0,0.0,2.0,0.0,2.0,1.0,2.0,2.0,2.0,0.0,4.0,3.0,1.0,1.0,2.0,0.0,3.0,1.0,2.0,1.0,3.0,2.0,1.0,1.0,1.0,0.0,4.0,3.0,3.0,3.0,2.0,0.0,2.0,1.0,2.0,3.0,5.0,0.0
cell_102,7.0,5.0,2.0,4.0,6.0,1.0,1.0,1.0,2.0,2.0,1.0,2.0,2.0,1.0,8.0,2.0,2.0,4.0,2.0,2.0,1.0,5.0,0.0,3.0,2.0,2.0,3.0,2.0,5.0,3.0,1.0,2.0,1.0,1.0,2.0,4.0,2.0,1.0,1.0,4.0,2.0,1.0,5.0,3.0,0.0,2.0,3.0,4.0
cell_103,4.0,3.0,5.0,4.0,6.0,3.0,1.0,0.0,2.0,1.0,4.0,1.0,1.0,1.0,2.0,1.0,2.0,0.0,0.0,2.0,2.0,3.0,3.0,3.0,2.0,1.0,5.0,2.0,2.0,3.0,2.0,2.0,2.0,3.0,0.0,3.0,1.0,0.0,4.0,1.0,3.0,3.0,4.0,0.0,1.0,1.0,0.0,1.0
cell_104,10.0,9.0,6.0,4.0,1.0,6.0,3.0,2.0,0.0,0.0,1.0,0.0,1.0,4.0,3.0,3.0,2.0,1.0,4.0,0.0,3.0,1.0,2.0,4.0,3.0,3.0,2.0,2.0,3.0,1.0,2.0,1.0,5.0,1.0,2.0,2.0,3.0,4.0,2.0,1.0,1.0,3.0,1.0,0.0,2.0,0.0,0.0,0.0
cell_105,11.0,5.0,5.0,5.0,3.0,2.0,4.0,4.0,2.0,3.0,1.0,2.0,1.0,0.0,3.0,0.0,0.0,2.0,1.0,1.0,1.0,4.0,0.0,2.0,0.0,0.0,0.0,0.0,1.0,6.0,1.0,0.0,1.0,5.0,2.0,1.0,2.0,3.0,1.0,1.0,3.0,7.0,5.0,1.0,2.0,0.0,0.0,4.0
cell_106,4.0,6.0,9.0,4.0,2.0,0.0,4.0,3.0,2.0,1.0,0.0,2.0,3.0,1.0,3.0,2.0,1.0,3.0,4.0,3.0,3.0,1.0,0.0,2.0,4.0,5.0,2.0,2.0,2.0,1.0,2.0,2.0,5.0,3.0,2.0,1.0,1.0,2.0,3.0,4.0,3.0,0.0,5.0,3.0,5.0,1.0,3.0,0.0
cell_107,5.0,4.0,3.0,9.0,2.0,2.0,4.0,2.0,1.0,3.0,2.0,2.0,1.0,2.0,5.0,4.0,3.0,0.0,0.0,0.0,0.0,1.0,3.0,2.0,2.0,2.0,5.0,1.0,2.0,2.0,3.0,3.0,2.0,1.0,2.0,0.0,0.0,1.0,1.0,2.0,0.0,2.0,1.0,2.0,0.0,0.0,3.0,2.0
cell_108,1.0,0.0,0.0,2.0,1.0,2.0,2.0,2.0,5.0,1.0,1.0,5.0,0.0,3.0,2.0,1.0,4.0,1.0,1.0,1.0,4.0,0.0,3.0,3.0,3.0,3.0,2.0,3.0,3.0,1.0,2.0,0.0,2.0,1.0,1.0,1.0,2.0,0.0,1.0,0.0,0.0,1.0,1.0,2.0,1.0,2.0,1.0,0.0
cell_109,0.0,2.0,1.0,0.0,0.0,2.0,1.0,2.0,1.0,1.0,1.0,1.0,1.0,2.0,6.0,2.0,5.0,3.0,1.0,1.0,2.0,0.0,0.0,0.0,1.0,3.0,1.0,1.0,2.0,4.0,2.0,1.0,0.0,1.0,3.0,3.0,3.0,2.0,5.0,2.0,1.0,3.0,2.0,4.0,3.0,0.0,2.0,5.0
cell_110,1.0,1.0,1.0,1.0,1.0,2.0,1.0,0.0,1.0,2.0,1.0,4.0,4.0,6.0,1.0,5.0,2.0,5.0,0.0,2.0,5.0,0.0,5.0,2.0,3.0,1.0,2.0,2.0,4.0,4.0,2.0,2.0,3.0,2.0,3.0,2.0,0.0,1.0,2.0,3.0,0.0,0.0,0.0,1.0,1.0,1.0,1.0,1.0
cell_111,3.0,0.0,2.0,4.0,1.0,1.0,1.0,1.0,1.0,3.0,3.0,3.0,2.0,4.0,2.0,4.0,2.0,4.0,4.0,1.0,3.0,1.0,0.0,1.0,4.0,1.0,0.0,2.0,1.0,3.0,1.0,2.0,2.0,1.0,2.0,4.0,3.0,2.0,2.0,3.0,3.0,4.0,0.0,1.0,2.0,1.0,1.0,0.0
cell_112,1.0,0.0,1.0,4.0,0.0,2.0,1.0,1.0,4.0,2.0,0.0,3.0,0.0,2.0,1.0,4.0,4.0,4.0,1.0,2.0,3.0,2.0,1.0,0.0,2.0,1.0,2.0,2.0,2.0,2.0,3.0,1.0,4.0,4.0,2.0,0.0,5.0,1.0,2.0,3.0,1.0,1.0,0.0,2.0,0.0,4.0,1.0,2.0
cell_113,3.0,1.0,3.0,1.0,4.0,1.0,4.0,1.0,1.0,1.0,2.0,2.0,0.0,2.0,1.0,4.0,1.0,1.0,0.0,1.0,2.0,4.0,1.0,1.0,3.0,2.0,0.0,1.0,3.0,3.0,3.0,0.0,4.0,2.0,0.0,0.0,2.0,2.0,1.0,4.0,2.0,0.0,2.0,2.0,2.0,2.0,3.0,3.0
cell_114,4.0,1.0,2.0,2.0,3.0,1.0,2.0,0.0,3.0,0.0,3.0,4.0,3.0,2.0,2.0,4.0,0.0,6.0,4.0,1.0,2.0,0.0,1.0,2.0,0.0,1.0,2.0,2.0,1.0,3.0,2.0,3.0,3.0,2.0,0.0,2.0,3.0,1.0,2.0,1.0,1.0,1.0,0.0,0.0,1.0,2.0,2.0,5.0
cell_115,1.0,3.0,0.0,1.0,1.0,1.0,2.0,1.0,5.0,1.0,3.0,4.0,2.0,2.0,0.0,5.0,1.0,3.0,3.0,1.0,1.0,1.0,1.0,4.0,3.0,2.0,3.0,4.0,1.0,1.0,0.0,0.0,4.0,2.0,2.0,0.0,1.0,0.0,1.0,2.0,0.0,0.0,2.0,2.0,0.0,2.0,1.0,2.0
cell_116,1.0,3.0,1.0,0.0,1.0,5.0,5.0,2.0,3.0,2.0,2.0,0.0,4.0,1.0,3.0,2.0,4.0,3.0,1.0,2.0,0.0,0.0,3.0,3.0,3.0,0.0,2.0,1.0,3.0,4.0,3.0,2.0,1.0,0.0,2.0,0.0,3.0,0.0,0.0,1.0,3.0,1.0,0.0,1.0,2.0,1.0,0.0,2.0
cell_117,2.0,2.0,2.0,0.0,2.0,2.0,1.0,1.0,1.0,3.0,2.0,2.0,3.0,3.0,1.0,5.0,2.0,0.0,1.0,1.0,0.0,5.0,1.0,1.0,1.0,1.0,3.0,3.0,4.0,1.0,5.0,1.0,1.0,0.0,1.0,4.0,1.0,3.0,3.0,5.0,1.0,1.0,6.0,1.0,3.0,0.0,3.0,2.0
cell_118,3.0,0.0,1.0,3.0,0.0,2.0,0.0,0.0,0.0,1.0,1.0,3.0,4.0,5.0,5.0,2.0,0.0,2.0,2.0,4.0,3.0,0.0,1.0,1.0,3.0,1.0,1.0,3.0,4.0,0.0,4.0,0.0,4.0,5.0,2.0,1.0,3.0,3.0,2.0,2.0,1.0,2.0,3.0,1.0,4.0,3.0,1.0,1.0
cell_119,3.0,2.0,1.0,4.0,4.0,4.0,0.0,0.0,4.0,3.0,3.0,4.0,2.0,3.0,3.0,1.0,2.0,1.0,4.0,1.0,0.0,0.0,0.0,2.0,1.0,0.0,2.0,1.0,2.0,0.0,2.0,2.0,5.0,3.0,3.0,0.0,1.0,0.0,4.0,0.0,1.0,1.0,1.0,1.0,0.0,3.0,1.0,0.0
cell_120,1.0,0.0,2.0,1.0,4.0,4.0,4.0,3.0,1.0,0.0,1.0,0.0,5.0,2.0,3.0,2.0,1.0,3.0,2.0,0.0,2.0,0.0,4.0,3.0,4.0,2.0,3.0,2.0,2.0,2.0,1.0,5.0,2.0,1.0,2.0,0.0,1.0,1.0,1.0,1.0,2.0,1.0,2.0,1.0,1.0,2.0,2.0,2.0
cell_121,4.0,0.0,0.0,0.0,0.0,3.0,0.0,3.0,2.0,2.0,3.0,3.0,3.0,1.0,2.0,5.0,1.0,2.0,2.0,1.0,1.0,0.0,2.0,5.0,1.0,3.0,2.0,1.0,0.0,1.0,2.0,1.0,3.0,2.0,2.0,1.0,1.0,2.0,2.0,0.0,1.0,3.0,0.0,3.0,0.0,2.0,1.0,0.0
cell_122,0.0,1.0,2.0,1.0,1.0,3.0,1.0,4.0,2.0,2.0,1.0,3.0,4.0,1.0,6.0,1.0,1.0,2.0,1.0,3.0,2.0,2.0,1.0,1.0,2.0,2.0,1.0,0.0,1.0,1.0,1.0,2.0,2.0,2.0,2.0,2.0,2.0,2.0,1.0,1.0,0.0,3.0,4.0,3.0,1.0,2.0,0.0,1.0
cell_123,3.0,3.0,3.0,1.0,3.0,0.0,3.0,0.0,1.0,4.0,5.0,1.0,2.0,0.0,3.0,1.0,4.0,0.0,1.0,0.0,0.0,3.0,0.0,1.0,4.0,0.0,2.0,1.0,0.0,1.0,0.0,2.0,4.0,4.0,1.0,2.0,1.0,6.0,1.0,4.0,3.0,4.0,0.0,1.0,0.0,2.0,1.0,2.0
cell_124,0.0,2.0,2.0,2.0,1.0,1.0,1.0,3.0,1.0,2.0,7.0,6.0,3.0,1.0,5.0,5.0,1.0,3.0,1.0,2.0,1.0,4.0,1.0,5.0,3.0,1.0,2.0,1.0,4.0,7.0,0.0,4.0,1.0,2.0,1.0,2.0,1.0,2.0,1.0,1.0,0.0,2.0,1.0,0.0,5.0,2.0,1.0,3.0
cell_125,1.0,0.0,3.0,1.0,2.0,1.0,1.0,1.0,2.0,7.0,2.0,1.0,1.0,2.0,3.0,3.0,2.0,0.0,1.0,3.0,4.0,1.0,2.0,1.0,1.0,3.0,2.0,0.0,6.0,4.0,1.0,3.0,1.0,3.0,4.0,1.0,2.0,2.0,3.0,2.0,1.0,0.0,0.0,1.0,0.0,0.0,2.0,2.0
cell_126,4.0,3.0,2.0,1.0,2.0,2.0,2.0,1.0,5.0,5.0,2.0,2.0,3.0,3.0,1.0,3.0,1.0,1.0,0.0,2.0,0.0,1.0,1.0,1.0,2.0,1.0,0.0,2.0,1.0,0.0,2.0,2.0,1.0,1.0,1.0,1.0,4.0,0.0,1.0,3.0,1.0,5.0,2.0,2.0,1.0,2.0,1.0,0.0
cell_127,2.0,4.0,0.0,1.0,0.0,4.0,1.0,4.0,1.0,3.0,3.0,1.0,3.0,1.0,4.0,0.0,4.0,0.0,4.0,0.0,4.0,2.0,1.0,1.0,1.0,1.0,1.0,3.0,1.0,3.0,1.0,2.0,2.0,1.0,2.0,4.0,0.0,1.0,2.0,1.0,4.0,0.0,1.0,1.0,3.0,0.0,1.0,1.0
cell_128,1.0,0.0,3.0,2.0,1.0,1.0,1.0,1.0,2.0,4.0,2.0,3.0,2.0,7.0,4.0,4.0,0.0,4.0,3.0,3.0,2.0,2.0,3.0,3.0,5.0,0.0,1.0,0.0,1.0,1.0,1.0,0.0,1.0,1.0,1.0,2.0,1.0,5.0,2.0,2.0,1.0,4.0,2.0,0.0,1.0,2.0,2.0,0.0
cell_129,3.0,1.0,0.0,3.0,2.0,2.0,2.0,2.0,0.0,4.0,0.0,1.0,4.0,4.0,3.0,2.0,5.0,0.0,1.0,0.0,2.0,0.0,2.0,4.0,0.0,2.0,1.0,1.0,2.0,2.0,0.0,1.0,3.0,2.0,2.0,2.0,2.0,2.0,1.0,1.0,3.0,4.0,2.0,2.0,3.0,1.0,2.0,1.0
cell_130,2.0,0.0,2.0,5.0,2.0,4.0,2.0,1.0,5.0,1.0,4.0,3.0,3.0,5.0,4.0,1.0,2.0,3.0,4.0,3.0,0.0,0.0,3.0,2.0,3.0,2.0,4.0,3.0,4.0,2.0,3.0,1.0,2.0,3.0,2.0,4.0,1.0,0.0,1.0,2.0,1.0,1.0,0.0,2.0,1.0,4.0,1.0,1.0
cell_131,4.0,1.0,0.0,3.0,2.0,1.0,1.0,2.0,2.0,3.0,0.0,0.0,5.0,4.0,3.0,0.0,2.0,1.0,1.0,1.0,2.0,3.0,0.0,4.0,2.0,4.0,2.0,4.0,2.0,1.0,2.0,1.0,0.0,1.0,2.0,3.0,3.0,2.0,2.0,3.0,2.0,1.0,2.0,5.0,2.0,0.0,3.0,0.0
cell_132,3.0,3.0,2.0,0.0,0.0,3.0,0.0,0.0,2.0,0.0,3.0,3.0,0.0,4.0,0.0,3.0,0.0,1.0,2.0,5.0,2.0,0.0,2.0,1.0,2.0,2.0,0.0,0.0,3.0,0.0,2.0,0.0,1.0,0.0,1.0,2.0,5.0,2.0,0.0,2.0,2.0,1.0,3.0,2.0,2.0,3.0,3.0,1.0
cell_133,3.0,2.0,2.0,3.0,0.0,0.0,1.0,2.0,3.0,2.0,4.0,2.0,6.0,1.0,3.0,2.0,1.0,2.0,2.0,2.0,1.0,0.0,2.0,3.0,3.0,0.0,1.0,1.0,2.0,1.0,1.0,1.0,1.0,2.0,1.0,4.0,1.0,3.0,2.0,5.0,2.0,1.0,5.0,1.0,0.0,1.0,1.0,2.0
cell_134,2.0,5.0,1.0,0.0,2.0,1.0,4.0,3.0,2.0,4.0,1.0,5.0,4.0,4.0,2.0,1.0,3.0,1.0,2.0,2.0,2.0,1.0,0.0,2.0,1.0,1.0,1.0,1.0,3.0,2.0,0.0,3.0,5.0,2.0,3.0,3.0,5.0,0.0,2.0,1.0,1.0,3.0,6.0,1.0,1.0,1.0,0.0,2.0
cell_135,2.0,2.0,0.0,1.0,3.0,2.0,0.0,2.0,5.0,3.0,3.0,0.0,6.0,2.0,9.0,2.0,2.0,1.0,1.0,2.0,0.0,3.0,2.0,2.0,1.0,3.0,2.0,2.0,0.0,4.0,2.0,3.0,1.0,1.0,4.0,1.0,7.0,2.0,0.0,1.0,1.0,2.0,4.0,1.0,1.0,4.0,2.0,1.0
cell_136,0.0,1.0,0.0,1.0,0.0,2.0,0.0,4.0,2.0,4.0,3.0,2.0,3.0,4.0,4.0,2.0,2.0,1.0,2.0,0.0,4.0,2.0,2.0,1.0,1.0,1.0,3.0,2.0,3.0,2.0,4.0,1.0,2.0,3.0,2.0,4.0,0.0,3.0,0.0,2.0,2.0,2.0,4.0,1.0,0.0,0.0,3.0,0.0
cell_137,2.0,3.0,2.0,3.0,1.0,1.0,1.0,3.0,3.0,2.0,1.0,1.0,1.0,2.0,7.0,1.0,3.0,2.0,0.0,2.0,0.0,3.0,1.0,1.0,5.0,1.0,1.0,2.0,1.0,2.0,0.0,1.0,2.0,1.0,2.0,2.0,1.0,0.0,0.0,1.0,2.0,5.0,0.0,6.0,5.0,0.0,0.0,1.0
cell_138,1.0,1.0,1.0,2.0,0.0,0.0,2.0,1.0,2.0,3.0,6.0,3.0,2.0,6.0,5.0,4.0,1.0,4.0,1.0,5.0,3.0,1.0,1.0,0.0,2.0,1.0,1.0,3.0,0.0,1.0,2.0,1.0,2.0,1.0,1.0,3.0,0.0,0.0,4.0,1.0,2.0,1.0,1.0,5.0,2.0,2.0,0.0,1.0
cell_139,0.0,2.0,2.0,2.0,2.0,1.0,4.0,3.0,3.0,2.0,3.0,2.0,3.0,1.0,6.0,1.0,1.0,2.0,1.0,0.0,3.0,1.0,1.0,1.0,1.0,4.0,2.0,0.0,2.0,1.0,3.0,4.0,0.0,2.0,1.0,2.0,1.0,2.0,1.0,3.0,1.0,4.0,1.0,1.0,3.0,2.0,2.0,1.0
cell_140,1.0,4.0,4.0,3.0,2.0,0.0,1.0,2.0,3.0,3.0,1.0,7.0,6.0,2.0,3.0,3.0,3.0,3.0,1.0,1.0,3.0,0.0,1.0,7.0,0.0,0.0,3.0,2.0,1.0,2.0,4.0,3.0,1.0,2.0,2.0,1.0,2.0,1.0,2.0,4.0,1.0,4.0,3.0,3.0,3.0,1.0,1.0,1.0
cell_141,3.0,1.0,3.0,3.0,2.0,1.0,1.0,2.0,1.0,2.0,2.0,4.0,4.0,3.0,2.0,1.0,0.0,0.0,2.0,2.0,0.0,2.0,0.0,1.0,1.0,2.0,0.0,0.0,2.0,1.0,1.0,2.0,2.0,0.0,0.0,3.0,3.0,1.0,4.0,2.0,1.0,4.0,1.0,1.0,3.0,5.0,0.0,2.0
cell_142,0.0,3.0,2.0,4.0,3.0,0.0,2.0,1.0,4.0,0.0,3.0,1.0,2.0,3.0,4.0,2.0,3.0,2.0,1.0,2.0,4.0,2.0,5.0,1.0,2.0,3.0,4.0,2.0,6.0,1.0,4.0,1.0,2.0,2.0,0.0,3.0,0.0,0.0,3.0,0.0,0.0,3.0,0.0,1.0,1.0,0.0,2.0,0.0
cell_143,3.0,2.0,3.0,1.0,1.0,2.0,2.0,2.0,1.0,2.0,0.0,2.0,3.0,3.0,4.0,1.0,2.0,2.0,2.0,3.0,0.0,2.0,1.0,3.0,1.0,2.0,2.0,1.0,1.0,1.0,2.0,0.0,1.0,1.0,3.0,2.0,2.0,4.0,0.0,1.0,0.0,3.0,2.0,2.0,2.0,1.0,1.0,1.0
cell_144,5.0,0.0,1.0,2.0,4.0,7.0,1.0,0.0,5.0,1.0,3.0,1.0,5.0,4.0,1.0,3.0,3.0,1.0,2.0,4.0,1.0,3.0,2.0,1.0,1.0,2.0,2.0,1.0,1.0,2.0,2.0,0.0,3.0,1.0,1.0,3.0,2.0,2.0,1.0,1.0,1.0,2.0,0.0,2.0,6.0,0.0,0.0,3.0
cell_145,2.0,4.0,6.0,1.0,1.0,1.0,3.0,2.0,3.0,1.0,1.0,2.0,3.0,4.0,3.0,4.0,2.0,3.0,5.0,0.0,4.0,1.0,2.0,1.0,3.0,0.0,2.0,3.0,0.0,5.0,3.0,4.0,3.0,0.0,2.0,1.0,2.0,2.0,4.0,1.0,2.0,2.0,5.0,2.0,4.0,2.0,1.0,1.0
cell_146,1.0,4.0,3.0,1.0,3.0,3.0,2.0,3.0,1.0,1.0,1.0,0.0,6.0,4.0,6.0,2.0,0.0,4.0,1.0,4.0,1.0,2.0,5.0,2.0,0.0,1.0,2.0,2.0,3.0,3.0,2.0,3.0,0.0,0.0,5.0,0.0,4.0,0.0,5.0,0.0,0.0,2.0,1.0,2.0,1.0,1.0,0.0,0.0
cell_147,1.0,2.0,3.0,0.0,1.0,2.0,2.0,2.0,2.0,5.0,3.0,2.0,1.0,3.0,4.0,1.0,1.0,0.0,1.0,4.0,4.0,2.0,1.0,1.0,2.0,0.0,2.0,2.0,3.0,1.0,0.0,4.0,1.0,1.0,2.0,1.0,0.0,3.0,2.0,2.0,2.0,0.0,3.0,2.0,1.0,2.0,0.0,0.0
cell_148,1.0,3.0,2.0,0.0,1.0,2.0,6.0,3.0,3.0,4.0,4.0,9.0,2.0,1.0,1.0,3.0,0.0,0.0,2.0,1.0,3.0,2.0,2.0,2.0,1.0,2.0,3.0,6.0,4.0,1.0,1.0,1.0,1.0,3.0,1.0,3.0,0.0,1.0,0.0,3.0,2.0,1.0,2.0,2.0,1.0,0.0,4.0,1.0
cell_149,1.0,1.0,2.0,1.0,0.0,1.0,3.0,2.0,1.0,1.0,0.0,2.0,2.0,3.0,4.0,3.0,0.0,1.0,2.0,5.0,1.0,3.0,1.0,0.0,2.0,4.0,4.0,2.0,2.0,3.0,0.0,1.0,2.0,3.0,0.0,1.0,2.0,6.0,2.0,1.0,3.0,3.0,2.0,1.0,0.0,4.0,0.0,2.0
cell_150,2.0,5.0,2.0,4.0,2.0,1.0,1.0,4.0,1.0,4.0,4.0,3.0,4.0,4.0,1.0,2.0,2.0,1.0,0.0,2.0,2.0,2.0,1.0,2.0,0.0,2.0,1.0,0.0,1.0,0.0,3.0,2.0,0.0,2.0,1.0,1.0,1.0,3.0,1.0,3.0,1.0,2.0,2.0,1.0,1.0,3.0,1.0,2.0
cell_151,3.0,3.0,1.0,1.0,2.0,1.0,1.0,8.0,6.0,1.0,2.0,5.0,2.0,3.0,4.0,2.0,2.0,2.0,1.0,3.0,3.0,3.0,1.0,2.0,0.0,1.0,1.0,2.0,1.0,4.0,1.0,1.0,0.0,0.0,3.0,0.0,2.0,2.0,1.0,2.0,1.0,2.0,2.0,3.0,5.0,1.0,2.0,0.0
cell_152,0.0,0.0,5.0,1.0,2.0,6.0,0.0,1.0,3.0,1.0,2.0,1.0,2.0,2.0,6.0,7.0,2.0,3.0,1.0,0.0,1.0,2.0,1.0,2.0,1.0,2.0,1.0,0.0,3.0,5.0,1.0,4.0,3.0,1.0,0.0,3.0,0.0,3.0,2.0,1.0,3.0,1.0,3.0,1.0,1.0,2.0,3.0,2.0
cell_153,2.0,1.0,1.0,4.0,3.0,5.0,4.0,4.0,1.0,3.0,4.0,1.0,3.0,2.0,2.0,4.0,2.0,1.0,2.0,2.0,0.0,2.0,1.0,3.0,1.0,2.0,2.0,1.0,0.0,2.0,0.0,3.0,1.0,3.0,4.0,2.0,3.0,4.0,1.0,3.0,1.0,1.0,2.0,1.0,0.0,2.0,2.0,2.0
cell_154,3.0,1.0,0.0,3.0,1.0,2.0,2.0,1.0,6.0,4.0,5.0,2.0,3.0,0.0,1.0,5.0,1.0,0.0,5.0,0.0,2.0,1.0,1.0,2.0,1.0,2.0,1.0,1.0,4.0,2.0,1.0,0.0,2.0,0.0,1.0,2.0,1.0,0.0,2.0,2.0,0.0,2.0,1.0,0.0,1.0,1.0,1.0,1.0
cell_155,1.0,1.0,2.0,0.0,0.0,1.0,4.0,2.0,1.0,3.0,2.0,3.0,2.0,0.0,2.0,4.0,1.0,0.0,1.0,2.0,1.0,0.0,1.0,1.0,1.0,2.0,4.0,3.0,5.0,2.0,3.0,3.0,2.0,0.0,1.0,1.0,1.0,3.0,0.0,3.0,2.0,2.0,3.0,2.0,1.0,2.0,2.0,3.0
cell_156,2.0,1.0,1.0,0.0,2.0,5.0,2.0,1.0,2.0,3.0,4.0,3.0,1.0,1.0,1.0,0.0,5.0,5.0,2.0,2.0,0.0,3.0,1.0,3.0,2.0,3.0,4.0,2.0,1.0,2.0,4.0,4.0,1.0,0.0,4.0,0.0,0.0,2.0,0.0,2.0,2.0,2.0,1.0,2.0,2.0,2.0,0.0,1.0
cell_157,1.0,2.0,2.0,5.0,2.0,4.0,3.0,3.0,4.0,4.0,4.0,3.0,6.0,2.0,2.0,2.0,4.0,2.0,2.0,2.0,0.0,1.0,2.0,2.0,0.0,3.0,3.0,2.0,1.0,2.0,6.0,0.0,1.0,1.0,2.0,1.0,3.0,6.0,1.0,1.0,4.0,3.0,1.0,2.0,1.0,1.0,2.0,2.0
cell_158,2.0,4.0,0.0,5.0,1.0,2.0,4.0,3.0,2.0,4.0,3.0,2.0,2.0,2.0,1.0,4.0,2.0,0.0,3.0,1.0,2.0,0.0,1.0,1.0,0.0,2.0,2.0,0.0,0.0,2.0,1.0,3.0,2.0,2.0,0.0,4.0,2.0,2.0,1.0,0.0,1.0,0.0,0.0,1.0,0.0,0.0,2.0,1.0
cell_159,4.0,0.0,0.0,1.0,0.0,2.0,1.0,2.0,7.0,4.0,3.0,3.0,2.0,1.0,4.0,3.0,1.0,0.0,0.0,1.0,1.0,0.0,4.0,2.0,2.0,1.0,3.0,1.0,1.0,0.0,1.0,3.0,3.0,4.0,2.0,3.0,2.0,1.0,3.0,1.0,3.0,1.0,2.0,4.0,2.0,1.0,3.0,5.0
cell_160,3.0,1.0,1.0,3.0,1.0,2.0,2.0,2.0,6.0,5.0,2.0,0.0,0.0,1.0,2.0,2.0,5.0,1.0,0.0,1.0,3.0,3.0,0.0,2.0,5.0,3.0,2.0,4.0,4.0,3.0,0.0,2.0,0.0,1.0,2.0,4.0,2.0,2.0,1.0,8.0,2.0,1.0,1.0,1.0,2.0,1.0,1.0,1.0
cell_161,0.0,4.0,0.0,3.0,1.0,2.0,2.0,0.0,9.0,2.0,2.0,6.0,4.0,2.0,2.0,2.0,0.0,0.0,1.0,2.0,1.0,1.0,2.0,0.0,2.0,0.0,3.0,3.0,2.0,1.0,2.0,0.0,2.0,0.0,0.0,2.0,2.0,2.0,1.0,0.0,0.0,2.0,1.0,1.0,0.0,3.0,2.0,5.0
cell_162,2.0,3.0,3.0,0.0,0.0,3.0,4.0,3.0,5.0,3.0,1.0,0.0,3.0,5.0,0.0,1.0,5.0,2.0,5.0,0.0,0.0,0.0,3.0,0.0,2.0,0.0,1.0,2.0,4.0,2.0,2.0,3.0,2.0,1.0,1.0,2.0,0.0,2.0,1.0,1.0,1.0,1.0,3.0,2.0,3.0,0.0,1.0,2.0
cell_163,3.0,2.0,1.0,3.0,2.0,5.0,3.0,1.0,3.0,3.0,2.0,1.0,2.0,1.0,3.0,4.0,4.0,2.0,2.0,1.0,2.0,3.0,2.0,3.0,0.0,3.0,1.0,5.0,2.0,2.0,2.0,1.0,3.0,2.0,1.0,0.0,2.0,0.0,1.0,0.0,5.0,0.0,1.0,2.0,5.0,2.0,0.0,1.0
cell_164,0.0,2.0,0.0,1.0,1.0,2.0,5.0,3.0,10.0,2.0,0.0,1.0,9.0,2.0,3.0,2.0,0.0,2.0,1.0,7.0,2.0,4.0,2.0,3.0,3.0,0.0,1.0,2.0,0.0,3.0,1.0,5.0,0.0,2.0,3.0,2.0,0.0,1.0,2.0,0.0,3.0,3.0,2.0,0.0,0.0,2.0,4.0,2.0
cell_165,0.0,1.0,2.0,3.0,1.0,4.0,2.0,4.0,2.0,2.0,4.0,3.0,1.0,6.0,3.0,3.0,3.0,1.0,2.0,1.0,4.0,0.0,3.0,2.0,2.0,4.0,2.0,0.0,5.0,2.0,0.0,1.0,0.0,2.0,2.0,2.0,2.0,6.0,4.0,0.0,2.0,4.0,1.0,2.0,0.0,0.0,0.0,1.0
cell_166,0.0,3.0,1.0,0.0,0.0,3.0,2.0,2.0,4.0,5.0,4.0,4.0,2.0,2.0,0.0,0.0,0.0,3.0,3.0,0.0,2.0,2.0,3.0,0.0,0.0,1.0,1.0,4.0,0.0,4.0,3.0,3.0,3.0,1.0,2.0,3.0,0.0,3.0,1.0,4.0,3.0,2.0,2.0,2.0,0.0,1.0,4.0,0.0
cell_167,0.0,0.0,2.0,1.0,2.0,2.0,1.0,1.0,0.0,1.0,4.0,2.0,2.0,0.0,3.0,1.0,0.0,3.0,1.0,0.0,2.0,3.0,4.0,1.0,1.0,3.0,4.0,1.0,3.0,0.0,0.0,1.0,1.0,2.0,0.0,1.0,3.0,0.0,6.0,3.0,4.0,1.0,4.0,1.0,4.0,0.0,2.0,4.0
cell_168,1.0,2.0,4.0,5.0,0.0,2.0,1.0,5.0,6.0,2.0,3.0,0.0,0.0,2.0,2.0,0.0,2.0,1.0,1.0,2.0,2.0,2.0,0.0,0.0,1.0,3.0,1.0,1.0,1.0,2.0,2.0,2.0,1.0,3.0,1.0,2.0,3.0,3.0,2.0,2.0,1.0,1.0,2.0,1.0,1.0,0.0,3.0,2.0
cell_169,1.0,0.0,2.0,2.0,2.0,1.0,2.0,7.0,5.0,3.0,5.0,4.0,2.0,3.0,3.0,3.0,2.0,0.0,0.0,1.0,2.0,1.0,0.0,4.0,1.0,0.0,1.0,1.0,1.0,6.0,1.0,4.0,2.0,3.0,1.0,5.0,1.0,1.0,3.0,2.0,1.0,1.0,1.0,2.0,2.0,3.0,2.0,3.0
cell_170,2.0,3.0,3.0,2.0,2.0,3.0,7.0,3.0,4.0,2.0,5.0,4.0,1.0,3.0,7.0,0.0,0.0,3.0,3.0,2.0,0.0,2.0,1.0,0.0,1.0,1.0,3.0,2.0,0.0,2.0,1.0,1.0,2.0,2.0,0.0,3.0,1.0,1.0,1.0,3.0,0.0,4.0,1.0,0.0,3.0,1.0,1.0,1.0
cell_171,1.0,1.0,4.0,2.0,0.0,2.0,1.0,4.0,5.0,4.0,2.0,5.0,3.0,5.0,2.0,2.0,5.0,5.0,1.0,5.0,1.0,1.0,1.0,1.0,2.0,2.0,2.0,0.0,1.0,0.0,2.0,1.0,0.0,1.0,1.0,2.0,1.0,2.0,2.0,4.0,4.0,3.0,0.0,5.0,0.0,0.0,0.0,4.0
cell_172,1.0,1.0,2.0,2.0,0.0,4.0,2.0,1.0,1.0,1.0,2.0,0.0,0.0,3.0,4.0,0.0,1.0,3.0,2.0,1.0,1.0,1.0,3.0,1.0,1.0,4.0,2.0,1.0,2.0,0.0,0.0,1.0,1.0,0.0,2.0,1.0,5.0,3.0,2.0,1.0,1.0,1.0,2.0,4.0,2.0,2.0,3.0,1.0
cell_173,3.0,4.0,2.0,3.0,0.0,3.0,0.0,2.0,5.0,3.0,0.0,3.0,4.0,3.0,1.0,2.0,2.0,0.0,2.0,3.0,3.0,2.0,4.0,2.0,3.0,2.0,0.0,2.0,2.0,1.0,3.0,2.0,1.0,3.0,0.0,2.0,0.0,1.0,1.0,1.0,0.0,1.0,1.0,1.0,1.0,2.0,9.0,2.0
cell_174,4.0,2.0,1.0,0.0,1.0,2.0,6.0,2.0,1.0,3.0,5.0,1.0,0.0,3.0,2.0,4.0,0.0,1.0,4.0,2.0,0.0,0.0,3.0,3.0,3.0,2.0,2.0,3.0,2.0,2.0,2.0,4.0,2.0,3.0,1.0,1.0,1.0,0.0,0.0,0.0,0.0,4.0,5.0,4.0,2.0,3.0,0.0,6.0
cell_175,1.0,2.0,0.0,0.0,5.0,1.0,0.0,0.0,4.0,6.0,0.0,2.0,2.0,3.0,1.0,3.0,3.0,3.0,0.0,2.0,3.0,1.0,1.0,0.0,1.0,1.0,2.0,2.0,1.0,0.0,2.0,1.0,0.0,3.0,3.0,0.0,0.0,1.0,3.0,2.0,0.0,5.0,1.0,3.0,1.0,1.0,1.0,0.0
cell_176,1.0,1.0,3.0,3.0,1.0,3.0,3.0,4.0,3.0,3.0,2.0,2.0,3.0,4.0,2.0,3.0,1.0,2.0,1.0,1.0,2.0,4.0,2.0,0.0,2.0,2.0,2.0,1.0,0.0,1.0,1.0,6.0,1.0,4.0,0.0,3.0,2.0,0.0,2.0,0.0,2.0,4.0,3.0,5.0,2.0,0.0,0.0,1.0
cell_177,2.0,1.0,3.0,2.0,1.0,0.0,1.0,4.0,4.0,6.0,2.0,1.0,4.0,5.0,2.0,2.0,1.0,2.0,1.0,2.0,1.0,2.0,0.0,2.0,4.0,1.0,0.0,2.0,1.0,2.0,2.0,0.0,2.0,3.0,0.0,1.0,2.0,1.0,2.0,3.0,1.0,0.0,1.0,0.0,2.0,0.0,1.0,4.0
cell_178,2.0,2.0,2.0,1.0,1.0,6.0,1.0,5.0,4.0,4.0,7.0,2.0,1.0,4.0,2.0,1.0,3.0,2.0,2.0,1.0,3.0,2.0,1.0,1.0,3.0,2.0,3.0,2.0,3.0,3.0,3.0,1.0,3.0,1.0,1.0,3.0,3.0,3.0,2.0,1.0,4.0,3.0,0.0,0.0,2.0,3.0,5.0,1.0
cell_179,2.0,1.0,1.0,3.0,2.0,3.0,4.0,4.0,2.0,4.0,1.0,6.0,2.0,1.0,2.0,3.0,2.0,5.0,2.0,2.0,3.0,0.0,2.0,0.0,1.0,1.0,2.0,2.0,2.0,2.0,1.0,3.0,3.0,1.0,3.0,3.0,4.0,3.0,2.0,4.0,1.0,2.0,0.0,3.0,1.0,2.0,3.0,0.0
cell_180,0.0,1.0,1.0,1.0,3.0,3.0,4.0,3.0,1.0,6.0,0.0,1.0,2.0,2.0,3.0,4.0,1.0,1.0,3.0,0.0,2.0,2.0,2.0,1.0,0.0,2.0,0.0,3.0,2.0,3.0,1.0,2.0,2.0,0.0,2.0,1.0,1.0,1.0,1.0,1.0,2.0,1.0,4.0,3.0,0.0,2.0,4.0,1.0
cell_181,0.0,3.0,0.0,3.0,1.0,5.0,5.0,2.0,2.0,7.0,7.0,1.0,1.0,1.0,3.0,2.0,0.0,2.0,4.0,0.0,2.0,2.0,3.0,0.0,0.0,1.0,1.0,2.0,3.0,2.0,4.0,2.0,1.0,2.0,0.0,2.0,1.0,3.0,1.0,1.0,1.0,3.0,3.0,2.0,3.0,0.0,4.0,1.0
cell_182,4.0,3.0,1.0,1.0,0.0,10.0,4.0,5.0,3.0,8.0,0.0,3.0,2.0,1.0,2.0,2.0,3.0,2.0,1.0,2.0,1.0,1.0,1.0,1.0,3.0,1.0,3.0,3.0,1.0,3.0,0.0,0.0,2.0,4.0,3.0,4.0,3.0,5.0,1.0,1.0,3.0,0.0,1.0,1.0,2.0,0.0,1.0,0.0
cell_183,0.0,0.0,3.0,2.0,2.0,4.0,2.0,2.0,1.0,5.0,1.0,2.0,3.0,3.0,1.0,2.0,0.0,2.0,3.0,4.0,4.0,3.0,2.0,3.0,5.0,3.0,4.0,1.0,1.0,3.0,1.0,4.0,2.0,2.0,1.0,1.0,3.0,1.0,2.0,1.0,1.0,0.0,2.0,1.0,2.0,2.0,3.0,3.0
cell_184,1.0,1.0,3.0,1.0,3.0,7.0,6.0,5.0,5.0,4.0,5.0,1.0,2.0,1.0,2.0,0.0,2.0,2.0,3.0,2.0,0.0,2.0,1.0,0.0,2.0,0.0,3.0,1.0,5.0,2.0,3.0,2.0,3.0,2.0,2.0,5.0,1.0,1.0,2.0,2.0,1.0,2.0,2.0,1.0,1.0,1.0,2.0,1.0
cell_185,2.0,2.0,2.0,4.0,2.0,4.0,5.0,4.0,4.0,0.0,3.0,1.0,1.0,0.0,5.0,1.0,3.0,2.0,3.0,2.0,2.0,2.0,4.0,0.0,4.0,5.0,1.0,2.0,4.0,0.0,4.0,1.0,2.0,1.0,2.0,1.0,3.0,3.0,3.0,1.0,0.0,4.0,1.0,3.0,3.0,3.0,1.0,2.0
cell_186,4.0,3.0,1.0,0.0,3.0,6.0,3.0,1.0,4.0,5.0,4.0,5.0,4.0,1.0,2.0,2.0,2.0,1.0,1.0,1.0,0.0,0.0,0.0,1.0,8.0,2.0,4.0,1.0,0.0,1.0,0.0,3.0,3.0,2.0,1.0,3.0,1.0,2.0,1.0,1.0,0.0,2.0,4.0,0.0,2.0,0.0,1.0,3.0
cell_187,1.0,1.0,3.0,2.0,0.0,6.0,3.0,1.0,5.0,7.0,3.0,5.0,1.0,2.0,1.0,0.0,2.0,2.0,3.0,3.0,2.0,3.0,2.0,1.0,1.0,4.0,0.0,1.0,1.0,1.0,2.0,4.0,1.0,3.0,3.0,4.0,3.0,3.0,4.0,2.0,2.0,2.0,4.0,3.0,1.0,0.0,1.0,1.0
cell_188,1.0,3.0,3.0,3.0,1.0,3.0,4.0,3.0,4.0,2.0,0.0,2.0,5.0,2.0,4.0,2.0,3.0,0.0,2.0,4.0,5.0,1.0,2.0,2.0,0.0,2.0,0.0,1.0,2.0,1.0,1.0,2.0,2.0,4.0,1.0,0.0,0.0,1.0,2.0,1.0,2.0,3.0,5.0,3.0,1.0,3.0,1.0,3.0
cell_189,1.0,2.0,2.0,7.0,1.0,3.0,2.0,4.0,3.0,6.0,2.0,2.0,1.0,2.0,2.0,3.0,0.0,2.0,3.0,2.0,0.0,1.0,0.0,0.0,1.0,1.0,0.0,3.0,0.0,1.0,2.0,5.0,0.0,2.0,0.0,1.0,2.0,1.0,3.0,0.0,1.0,1.0,3.0,4.0,1.0,1.0,2.0,1.0
cell_190,2.0,3.0,1.0,1.0,1.0,1.0,6.0,4.0,2.0,1.0,5.0,2.0,2.0,0.0,1.0,2.0,5.0,3.0,2.0,2.0,1.0,0.0,2.0,1.0,4.0,1.0,3.0,1.0,2.0,3.0,1.0,3.0,2.0,0.0,4.0,4.0,3.0,0.0,2.0,4.0,0.0,3.0,1.0,1.0,0.0,2.0,1.0,1.0
cell_191,1.0,0.0,2.0,1.0,0.0,1.0,2.0,1.0,2.0,6.0,6.0,5.0,3.0,2.0,3.0,2.0,0.0,1.0,1.0,0.0,3.0,3.0,2.0,3.0,1.0,1.0,2.0,2.0,3.0,1.0,1.0,1.0,2.0,2.0,0.0,3.0,0.0,3.0,2.0,1.0,4.0,3.0,1.0,0.0,0.0,1.0,4.0,3.0
cell_192,0.0,2.0,4.0,3.0,2.0,5.0,4.0,4.0,3.0,3.0,3.0,2.0,1.0,2.0,3.0,4.0,1.0,0.0,1.0,1.0,0.0,3.0,2.0,1.0,2.0,2.0,1.0,1.0,3.0,0.0,1.0,2.0,3.0,1.0,0.0,1.0,4.0,0.0,0.0,1.0,3.0,3.0,1.0,3.0,5.0,2.0,2.0,0.0
cell_193,3.0,2.0,1.0,4.0,1.0,5.0,1.0,2.0,11.0,2.0,2.0,4.0,5.0,5.0,1.0,4.0,3.0,0.0,0.0,1.0,2.0,0.0,2.0,0.0,1.0,1.0,2.0,1.0,5.0,2.0,2.0,2.0,2.0,2.0,0.0,0.0,4.0,2.0,5.0,1.0,2.0,3.0,1.0,2.0,1.0,2.0,1.0,4.0
cell_194,1.0,4.0,3.0,0.0,0.0,2.0,5.0,4.0,5.0,1.0,2.0,3.0,2.0,1.0,1.0,4.0,0.0,4.0,0.0,2.0,0.0,0.0,1.0,0.0,1.0,0.0,1.0,2.0,2.0,1.0,3.0,1.0,2.0,0.0,1.0,3.0,2.0,3.0,3.0,0.0,2.0,4.0,3.0,2.0,0.0,2.0,1.0,3.0
cell_195,3.0,4.0,4.0,1.0,3.0,2.0,4.0,1.0,3.0,2.0,2.0,3.0,3.0,2.0,4.0,2.0,2.0,6.0,2.0,1.0,3.0,3.0,1.0,3.0,2.0,4.0,2.0,3.0,2.0,3.0,1.0,2.0,1.0,0.0,1.0,4.0,0.0,2.0,5.0,2.0,4.0,1.0,1.0,1.0,2.0,1.0,2.0,2.0
cell_196,1.0,1.0,3.0,1.0,1.0,3.0,5.0,3.0,3.0,6.0,5.0,4.0,4.0,1.0,0.0,0.0,2.0,1.0,2.0,2.0,1.0,2.0,3.0,2.0,1.0,1.0,0.0,3.0,4.0,2.0,3.0,1.0,4.0,1.0,0.0,0.0,1.0,1.0,1.0,0.0,2.0,3.0,2.0,1.0,1.0,3.0,2.0,1.0
cell_197,3.0,3.0,0.0,3.0,3.0,5.0,1.0,3.0,6.0,5.0,4.0,6.0,2.0,3.0,2.0,3.0,1.0,3.0,3.0,0.0,0.0,3.0,0.0,2.0,1.0,1.0,0.0,3.0,2.0,4.0,2.0,1.0,2.0,3.0,1.0,3.0,2.0,2.0,1.0,4.0,0.0,0.0,2.0,2.0,5.0,0.0,1.0,1.0
cell_198,1.0,1.0,1.0,0.0,1.0,1.0,5.0,1.0,1.0,7.0,2.0,8.0,1.0,3.0,5.0,4.0,2.0,1.0,2.0,4.0,0.0,2.0,1.0,1.0,2.0,0.0,0.0,4.0,4.0,0.0,6.0,3.0,1.0,2.0,1.0,2.0,3.0,1.0,1.0,1.0,0.0,1.0,2.0,1.0,0.0,1.0,1.0,1.0
cell_199,1.0,1.0,0.0,0.0,1.0,4.0,3.0,5.0,2.0,0.0,3.0,2.0,2.0,2.0,1.0,2.0,1.0,1.0,4.0,1.0,2.0,0.0,3.0,4.0,3.0,0.0,0.0,2.0,1.0,0.0,4.0,0.0,3.0,2.0,0.0,1.0,1.0,1.0,1.0,3.0,0.0,2.0,1.0,2.0,2.0,1.0,1.0,1.0
cell_200,2.0,2.0,3.0,0.0,2.0,5.0,5.0,3.0,2.0,4.0,3.0,2.0,3.0,6.0,1.0,1.0,0.0,1.0,0.0,1.0,4.0,0.0,3.0,2.0,0.0,1.0,2.0,3.0,0.0,3.0,3.0,2.0,3.0,3.0,1.0,2.0,0.0,4.0,1.0,1.0,0.0,2.0,3.0,7.0,1.0,1.0,3.0,0.0
cell_201,3.0,2.0,2.0,7.0,4.0,2.0,2.0,4.0,1.0,1.0,1.0,1.0,4.0,1.0,0.0,4.0,1.0,1.0,1.0,1.0,0.0,1.0,3.0,2.0,2.0,1.0,1.0,1.0,0.0,2.0,2.0,0.0,1.0,1.0,2.0,2.0,1.0,0.0,1.0,0.0,1.0,2.0,0.0,1.0,6.0,2.0,0.0,0.0
cell_202,3.0,5.0,1.0,2.0,3.0,6.0,5.0,5.0,4.0,6.0,1.0,2.0,1.0,4.0,3.0,5.0,1.0,0.0,1.0,4.0,2.0,0.0,4.0,0.0,4.0,3.0,1.0,1.0,2.0,2.0,1.0,2.0,2.0,2.0,1.0,3.0,1.0,4.0,2.0,2.0,1.0,6.0,3.0,0.0,5.0,1.0,2.0,3.0
cell_203,1.0,3.0,2.0,3.0,1.0,3.0,4.0,4.0,7.0,3.0,3.0,0.0,6.0,3.0,2.0,3.0,3.0,1.0,1.0,2.0,4.0,2.0,3.0,2.0,2.0,2.0,4.0,1.0,0.0,2.0,2.0,3.0,1.0,1.0,0.0,3.0,2.0,4.0,3.0,0.0,2.0,2.0,3.0,1.0,2.0,2.0,0.0,3.0
cell_204,1.0,3.0,2.0,4.0,0.0,1.0,5.0,3.0,3.0,1.0,0.0,4.0,1.0,0.0,0.0,2.0,0.0,1.0,1.0,2.0,2.0,1.0,1.0,9.0,0.0,4.0,4.0,3.0,1.0,0.0,1.0,1.0,2.0,1.0,2.0,3.0,1.0,2.0,3.0,0.0,3.0,0.0,2.0,2.0,0.0,1.0,2.0,1.0
cell_205,0.0,3.0,5.0,0.0,2.0,2.0,4.0,1.0,4.0,0.0,6.0,3.0,5.0,3.0,2.0,0.0,2.0,2.0,1.0,3.0,1.0,3.0,2.0,5.0,0.0,1.0,2.0,2.0,0.0,1.0,4.0,2.0,1.0,1.0,1.0,2.0,1.0,1.0,1.0,2.0,1.0,0.0,1.0,1.0,0.0,0.0,1.0,2.0
cell_206,2.0,1.0,3.0,2.0,2.0,8.0,3.0,3.0,6.0,5.0,2.0,3.0,1.0,1.0,3.0,5.0,6.0,4.0,4.0,2.0,2.0,2.0,0.0,3.0,2.0,1.0,2.0,1.0,3.0,1.0,2.0,3.0,0.0,2.0,1.0,2.0,1.0,5.0,2.0,0.0,0.0,1.0,2.0,1.0,1.0,1.0,2.0,3.0
cell_207,3.0,5.0,1.0,0.0,3.0,10.0,2.0,2.0,2.0,3.0,1.0,5.0,2.0,3.0,2.0,3.0,3.0,2.0,3.0,0.0,1.0,3.0,4.0,2.0,1.0,1.0,0.0,0.0,3.0,2.0,0.0,0.0,0.0,1.0,1.0,3.0,8.0,1.0,2.0,0.0,1.0,2.0,0.0,1.0,1.0,3.0,3.0,2.0
cell_208,1.0,0.0,1.0,3.0,1.0,6.0,2.0,7.0,4.0,4.0,2.0,3.0,3.0,1.0,2.0,5.0,2.0,3.0,3.0,1.0,1.0,4.0,1.0,0.0,0.0,1.0,1.0,0.0,1.0,3.0,2.0,2.0,0.0,2.0,0.0,3.0,5.0,1.0,1.0,4.0,3.0,2.0,1.0,1.0,3.0,1.0,1.0,0.0
cell_209,2.0,1.0,3.0,1.0,4.0,1.0,2.0,2.0,5.0,2.0,4.0,0.0,2.0,2.0,1.0,2.0,3.0,1.0,3.0,2.0,2.0,3.0,2.0,2.0,2.0,2.0,4.0,2.0,5.0,0.0,2.0,1.0,1.0,2.0,0.0,1.0,2.0,1.0,1.0,0.0,3.0,3.0,1.0,2.0,1.0,1.0,2.0,1.0
cell_210,1.0,2.0,1.0,1.0,1.0,2.0,3.0,2.0,4.0,5.0,9.0,4.0,5.0,2.0,2.0,3.0,1.0,1.0,3.0,4.0,0.0,3.0,2.0,1.0,1.0,0.0,1.0,1.0,0.0,0.0,0.0,2.0,3.0,6.0,0.0,3.0,2.0,0.0,4.0,2.0,4.0,4.0,0.0,0.0,1.0,3.0,1.0,1.0
cell_211,3.0,0.0,2.0,2.0,3.0,6.0,4.0,2.0,0.0,1.0,2.0,4.0,5.0,2.0,2.0,5.0,1.0,2.0,2.0,4.0,0.0,0.0,2.0,4.0,2.0,1.0,1.0,2.0,1.0,1.0,1.0,5.0,1.0,3.0,1.0,0.0,1.0,1.0,0.0,0.0,1.0,2.0,5.0,0.0,4.0,0.0,1.0,8.0
cell_212,1.0,1.0,2.0,2.0,5.0,5.0,6.0,3.0,0.0,2.0,1.0,6.0,1.0,3.0,0.0,3.0,0.0,0.0,4.0,1.0,2.0,3.0,1.0,3.0,1.0,0.0,1.0,1.0,3.0,3.0,0.0,2.0,1.0,2.0,3.0,0.0,0.0,1.0,0.0,1.0,1.0,1.0,0.0,2.0,3.0,1.0,2.0,1.0
cell_213,2.0,3.0,1.0,1.0,2.0,3.0,2.0,3.0,4.0,4.0,2.0,3.0,6.0,2.0,6.0,1.0,2.0,0.0,2.0,3.0,3.0,2.0,2.0,3.0,1.0,2.0,0.0,2.0,3.0,1.0,1.0,3.0,3.0,0.0,5.0,1.0,0.0,0.0,4.0,1.0,1.0,2.0,1.0,1.0,0.0,0.0,3.0,3.0
cell_214,1.0,0.0,2.0,4.0,2.0,9.0,4.0,6.0,2.0,6.0,1.0,1.0,2.0,3.0,1.0,1.0,0.0,2.0,2.0,2.0,3.0,1.0,0.0,2.0,2.0,1.0,3.0,1.0,1.0,1.0,2.0,3.0,2.0,1.0,1.0,1.0,3.0,0.0,2.0,2.0,5.0,2.0,0.0,0.0,0.0,1.0,2.0,2.0
cell_215,2.0,2.0,4.0,3.0,1.0,5.0,2.0,3.0,0.0,3.0,2.0,7.0,2.0,2.0,3.0,1.0,4.0,1.0,2.0,0.0,3.0,1.0,3.0,2.0,1.0,6.0,2.0,5.0,1.0,2.0,2.0,1.0,2.0,4.0,2.0,1.0,3.0,3.0,0.0,2.0,4.0,1.0,1.0,1.0,3.0,1.0,6.0,3.0
cell_216,3.0,1.0,0.0,1.0,2.0,1.0,0.0,1.0,1.0,4.0,1.0,2.0,2.0,0.0,0.0,0.0,0.0,3.0,4.0,2.0,5.0,1.0,4.0,1.0,2.0,1.0,2.0,1.0,1.0,1.0,1.0,2.0,1.0,1.0,0.0,1.0,2.0,2.0,1.0,1.0,2.0,3.0,1.0,1.0,1.0,2.0,2.0,3.0
cell_217,1.0,1.0,2.0,2.0,2.0,2.0,1.0,1.0,1.0,1.0,1.0,1.0,1.0,0.0,1.0,1.0,1.0,4.0,0.0,1.0,3.0,1.0,4.0,0.0,1.0,2.0,1.0,2.0,1.0,1.0,0.0,0.0,0.0,2.0,1.0,1.0,3.0,1.0,1.0,2.0,2.0,2.0,3.0,1.0,3.0,4.0,2.0,3.0
cell_218,2.0,1.0,4.0,3.0,0.0,2.0,2.0,4.0,1.0,3.0,2.0,1.0,4.0,1.0,2.0,1.0,2.0,4.0,2.0,4.0,5.0,1.0,6.0,4.0,2.0,2.0,1.0,0.0,1.0,3.0,2.0,0.0,2.0,3.0,1.0,2.0,1.0,1.0,0.0,1.0,0.0,1.0,1.0,4.0,1.0,0.0,1.0,0.0
cell_219,2.0,3.0,1.0,2.0,2.0,1.0,2.0,2.0,4.0,2.0,4.0,3.0,5.0,3.0,4.0,3.0,2.0,7.0,2.0,2.0,2.0,2.0,1.0,4.0,7.0,1.0,3.0,1.0,1.0,3.0,0.0,5.0,2.0,1.0,1.0,2.0,0.0,1.0,2.0,0.0,0.0,2.0,3.0,0.0,2.0,2.0,4.0,1.0
cell_220,0.0,1.0,0.0,1.0,2.0,1.0,0.0,1.0,2.0,4.0,1.0,3.0,2.0,1.0,0.0,3.0,3.0,2.0,0.0,1.0,1.0,3.0,1.0,3.0,1.0,2.0,3.0,3.0,0.0,1.0,0.0,1.0,0.0,2.0,1.0,2.0,1.0,4.0,3.0,2.0,4.0,4.0,0.0,2.0,1.0,3.0,2.0,4.0
cell_221,0.0,2.0,1.0,2.0,4.0,3.0,2.0,2.0,2.0,1.0,3.0,4.0,1.0,1.0,4.0,0.0,7.0,2.0,2.0,0.0,6.0,2.0,2.0,3.0,1.0,6.0,1.0,2.0,1.0,0.0,1.0,0.0,1.0,2.0,2.0,1.0,2.0,3.0,0.0,1.0,0.0,0.0,5.0,3.0,2.0,2.0,4.0,0.0
cell_222,0.0,3.0,1.0,1.0,3.0,1.0,1.0,2.0,3.0,3.0,3.0,1.0,3.0,1.0,1.0,3.0,2.0,1.0,1.0,4.0,2.0,4.0,1.0,3.0,1.0,2.0,0.0,2.0,3.0,1.0,2.0,1.0,3.0,1.0,4.0,1.0,7.0,3.0,2.0,1.0,2.0,2.0,0.0,1.0,2.0,1.0,2.0,1.0
cell_223,0.0,1.0,0.0,3.0,1.0,2.0,2.0,0.0,3.0,0.0,1.0,2.0,2.0,0.0,2.0,3.0,2.0,2.0,3.0,2.0,3.0,2.0,2.0,3.0,3.0,1.0,1.0,2.0,4.0,0.0,1.0,1.0,0.0,2.0,1.0,0.0,3.0,1.0,0.0,3.0,0.0,0.0,1.0,1.0,0.0,0.0,3.0,2.0
cell_224,1.0,1.0,1.0,4.0,5.0,3.0,3.0,0.0,0.0,0.0,1.0,0.0,4.0,1.0,1.0,2.0,1.0,5.0,3.0,5.0,2.0,2.0,1.0,2.0,0.0,2.0,3.0,3.0,4.0,1.0,3.0,1.0,0.0,0.0,1.0,0.0,1.0,2.0,0.0,5.0,1.0,2.0,1.0,0.0,2.0,1.0,1.0,1.0
cell_225,1.0,1.0,2.0,3.0,1.0,1.0,3.0,2.0,2.0,4.0,1.0,2.0,4.0,1.0,2.0,2.0,5.0,4.0,1.0,3.0,2.0,0.0,3.0,2.0,0.0,5.0,2.0,1.0,3.0,0.0,0.0,1.0,3.0,1.0,0.0,3.0,3.0,2.0,1.0,1.0,0.0,1.0,1.0,1.0,3.0,6.0,0.0,1.0
cell_226,1.0,2.0,1.0,2.0,2.0,2.0,4.0,4.0,0.0,4.0,1.0,1.0,1.0,5.0,1.0,7.0,5.0,5.0,2.0,4.0,0.0,1.0,1.0,3.0,2.0,1.0,1.0,3.0,1.0,2.0,0.0,2.0,3.0,1.0,1.0,2.0,1.0,1.0,2.0,0.0,0.0,2.0,5.0,1.0,1.0,1.0,4.0,0.0
cell_227,0.0,1.0,3.0,2.0,2.0,2.0,2.0,1.0,2.0,2.0,3.0,0.0,2.0,0.0,1.0,0.0,3.0,1.0,4.0,2.0,3.0,3.0,2.0,4.0,1.0,2.0,0.0,2.0,3.0,1.0,0.0,2.0,1.0,1.0,3.0,2.0,2.0,0.0,1.0,1.0,4.0,2.0,1.0,3.0,1.0,2.0,1.0,4.0
cell_228,1.0,0.0,3.0,1.0,3.0,1.0,4.0,2.0,6.0,1.0,3.0,0.0,1.0,2.0,1.0,1.0,2.0,2.0,1.0,4.0,1.0,4.0,2.0,4.0,3.0,3.0,2.0,2.0,0.0,1.0,0.0,2.0,1.0,2.0,1.0,1.0,2.0,1.0,3.0,1.0,3.0,0.0,1.0,2.0,2.0,1.0,0.0,3.0
cell_229,1.0,4.0,0.0,0.0,0.0,5.0,1.0,1.0,3.0,2.0,1.0,1.0,1.0,1.0,1.0,3.0,1.0,3.0,3.0,4.0,5.0,4.0,2.0,3.0,0.0,4.0,1.0,1.0,3.0,0.0,1.0,0.0,1.0,5.0,3.0,0.0,1.0,1.0,2.0,1.0,0.0,3.0,0.0,1.0,1.0,4.0,3.0,0.0
cell_230,1.0,2.0,1.0,4.0,1.0,2.0,3.0,0.0,1.0,3.0,1.0,3.0,0.0,1.0,3.0,2.0,1.0,2.0,1.0,1.0,3.0,3.0,1.0,0.0,0.0,2.0,2.0,1.0,5.0,3.0,0.0,0.0,4.0,1.0,1.0,1.0,1.0,1.0,1.0,3.0,0.0,3.0,6.0,3.0,1.0,1.0,4.0,2.0
cell_231,3.0,3.0,3.0,3.0,2.0,3.0,3.0,0.0,1.0,1.0,1.0,1.0,3.0,1.0,3.0,3.0,2.0,2.0,2.0,5.0,3.0,5.0,2.0,1.0,1.0,1.0,0.0,2.0,2.0,1.0,4.0,1.0,5.0,0.0,3.0,0.0,0.0,2.0,2.0,4.0,1.0,3.0,1.0,0.0,2.0,0.0,0.0,2.0
cell_232,2.0,3.0,1.0,1.0,1.0,1.0,0.0,0.0,2.0,2.0,6.0,1.0,1.0,3.0,0.0,1.0,4.0,0.0,1.0,4.0,3.0,4.0,4.0,1.0,2.0,2.0,1.0,2.0,1.0,2.0,2.0,3.0,0.0,2.0,1.0,0.0,0.0,1.0,1.0,2.0,2.0,0.0,1.0,1.0,2.0,0.0,2.0,2.0
cell_233,2.0,0.0,1.0,1.0,3.0,1.0,1.0,2.0,3.0,0.0,0.0,2.0,3.0,2.0,3.0,3.0,1.0,3.0,1.0,0.0,2.0,2.0,2.0,3.0,4.0,2.0,0.0,4.0,0.0,2.0,2.0,5.0,1.0,1.0,0.0,2.0,2.0,3.0,1.0,2.0,3.0,4.0,2.0,0.0,1.0,3.0,1.0,1.0
cell_234,1.0,3.0,0.0,1.0,1.0,1.0,2.0,1.0,1.0,7.0,0.0,1.0,3.0,3.0,1.0,0.0,2.0,1.0,2.0,3.0,1.0,4.0,2.0,3.0,3.0,2.0,0.0,3.0,2.0,3.0,3.0,3.0,4.0,2.0,2.0,4.0,0.0,1.0,2.0,2.0,3.0,4.0,0.0,0.0,4.0,1.0,4.0,3.0
cell_235,1.0,3.0,1.0,0.0,2.0,2.0,1.0,2.0,0.0,3.0,3.0,1.0,3.0,2.0,1.0,3.0,1.0,4.0,1.0,1.0,5.0,4.0,2.0,3.0,2.0,2.0,2.0,2.0,3.0,0.0,1.0,3.0,3.0,2.0,0.0,2.0,1.0,3.0,0.0,1.0,0.0,0.0,3.0,2.0,4.0,0.0,3.0,0.0
cell_236,0.0,0.0,1.0,0.0,2.0,2.0,2.0,1.0,0.0,0.0,1.0,0.0,3.0,1.0,2.0,2.0,3.0,1.0,4.0,3.0,4.0,0.0,1.0,1.0,3.0,0.0,1.0,0.0,4.0,1.0,0.0,3.0,0.0,3.0,3.0,4.0,2.0,1.0,0.0,0.0,3.0,3.0,0.0,1.0,3.0,1.0,0.0,4.0
cell_237,1.0,1.0,1.0,2.0,0.0,2.0,2.0,0.0,3.0,3.0,2.0,5.0,1.0,2.0,1.0,1.0,4.0,3.0,6.0,2.0,2.0,2.0,2.0,2.0,4.0,0.0,0.0,2.0,1.0,1.0,2.0,2.0,3.0,4.0,1.0,1.0,2.0,2.0,1.0,3.0,2.0,2.0,1.0,1.0,1.0,5.0,1.0,1.0
cell_238,2.0,1.0,1.0,2.0,1.0,1.0,3.0,1.0,1.0,1.0,1.0,2.0,2.0,2.0,2.0,2.0,1.0,6.0,4.0,2.0,3.0,4.0,1.0,4.0,2.0,4.0,1.0,2.0,1.0,0.0,3.0,1.0,1.0,2.0,2.0,2.0,2.0,0.0,2.0,4.0,1.0,3.0,1.0,3.0,2.0,3.0,1.0,2.0
cell_239,5.0,3.0,5.0,1.0,4.0,4.0,1.0,2.0,2.0,1.0,2.0,1.0,2.0,1.0,1.0,4.0,2.0,1.0,4.0,4.0,1.0,1.0,2.0,2.0,2.0,4.0,1.0,0.0,0.0,1.0,3.0,2.0,3.0,0.0,1.0,1.0,0.0,1.0,2.0,1.0,3.0,2.0,0.0,3.0,1.0,1.0,2.0,0.0
cell_240,1.0,3.0,4.0,2.0,3.0,2.0,5.0,3.0,1.0,1.0,1.0,1.0,0.0,1.0,1.0,1.0,4.0,1.0,2.0,3.0,3.0,1.0,1.0,1.0,2.0,0.0,1.0,2.0,1.0,4.0,2.0,4.0,3.0,2.0,3.0,4.0,2.0,2.0,3.0,0.0,1.0,0.0,0.0,2.0,0.0,0.0,2.0,1.0
cell_241,1.0,3.0,3.0,2.0,2.0,1.0,2.0,4.0,2.0,0.0,0.0,2.0,2.0,3.0,2.0,0.0,3.0,0.0,0.0,4.0,4.0,3.0,2.0,6.0,4.0,2.0,0.0,2.0,2.0,2.0,4.0,1.0,5.0,3.0,0.0,5.0,2.0,1.0,3.0,1.0,2.0,1.0,1.0,1.0,4.0,3.0,1.0,0.0
cell_242,0.0,1.0,1.0,3.0,1.0,3.0,2.0,3.0,4.0,0.0,0.0,3.0,0.0,2.0,0.0,0.0,3.0,3.0,6.0,3.0,1.0,2.0,4.0,4.0,0.0,1.0,0.0,1.0,5.0,1.0,0.0,4.0,2.0,7.0,2.0,1.0,0.0,2.0,1.0,1.0,1.0,2.0,3.0,1.0,3.0,3.0,3.0,1.0
cell_243,4.0,3.0,0.0,1.0,0.0,1.0,0.0,2.0,3.0,0.0,1.0,2.0,1.0,0.0,3.0,2.0,3.0,0.0,1.0,1.0,2.0,0.0,5.0,3.0,1.0,2.0,2.0,1.0,0.0,4.0,1.0,1.0,1.0,2.0,3.0,2.0,1.0,0.0,1.0,1.0,1.0,1.0,1.0,5.0,0.0,2.0,3.0,0.0
cell_244,1.0,1.0,1.0,1.0,1.0,0.0,1.0,0.0,2.0,4.0,1.0,1.0,2.0,1.0,3.0,2.0,0.0,0.0,3.0,3.0,1.0,2.0,2.0,1.0,0.0,1.0,1.0,1.0,2.0,3.0,1.0,1.0,4.0,0.0,1.0,0.0,4.0,1.0,1.0,0.0,0.0,1.0,1.0,0.0,1.0,4.0,2.0,2.0
cell_245,3.0,4.0,0.0,2.0,2.0,1.0,3.0,2.0,2.0,3.0,1.0,3.0,2.0,0.0,1.0,3.0,3.0,3.0,1.0,2.0,3.0,2.0,3.0,6.0,1.0,1.0,2.0,1.0,1.0,2.0,0.0,3.0,2.0,0.0,2.0,2.0,2.0,2.0,1.0,0.0,2.0,2.0,1.0,2.0,0.0,1.0,1.0,2.0
cell_246,2.0,1.0,0.0,1.0,2.0,2.0,0.0,2.0,2.0,1.0,0.0,2.0,0.0,3.0,1.0,1.0,2.0,4.0,4.0,3.0,4.0,1.0,4.0,3.0,0.0,1.0,1.0,4.0,3.0,2.0,1.0,0.0,1.0,2.0,0.0,1.0,2.0,1.0,3.0,1.0,4.0,3.0,6.0,2.0,2.0,0.0,0.0,4.0
cell_247,4.0,1.0,1.0,5.0,1.0,2.0,1.0,5.0,2.0,1.0,5.0,1.0,1.0,1.0,5.0,1.0,4.0,4.0,3.0,5.0,4.0,3.0,2.0,1.0,2.0,2.0,1.0,3.0,2.0,3.0,2.0,2.0,3.0,2.0,1.0,1.0,2.0,1.0,1.0,0.0,2.0,2.0,3.0,2.0,3.0,1.0,3.0,3.0
cell_248,1.0,7.0,2.0,1.0,4.0,3.0,5.0,3.0,1.0,1.0,1.0,4.0,2.0,0.0,3.0,3.0,7.0,3.0,2.0,1.0,2.0,1.0,3.0,1.0,2.0,1.0,0.0,1.0,2.0,2.0,5.0,1.0,4.0,0.0,1.0,2.0,1.0,1.0,1.0,3.0,3.0,1.0,2.0,0.0,2.0,1.0,2.0,3.0
cell_249,1.0,0.0,3.0,1.0,0.0,0.0,1.0,1.0,3.0,0.0,0.0,2.0,2.0,2.0,4.0,1.0,2.0,6.0,3.0,2.0,5.0,5.0,2.0,8.0,2.0,1.0,3.0,1.0,1.0,4.0,0.0,1.0,5.0,2.0,2.0,2.0,5.0,1.0,0.0,3.0,0.0,3.0,2.0,2.0,0.0,3.0,0.0,2.0
cell_250,0.0,3.0,2.0,3.0,1.0,0.0,2.0,1.0,2.0,3.0,0.0,2.0,0.0,4.0,1.0,3.0,2.0,3.0,0.0,2.0,3.0,1.0,2.0,5.0,0.0,2.0,1.0,1.0,3.0,2.0,1.0,1.0,1.0,2.0,3.0,1.0,4.0,1.0,1.0,1.0,3.0,0.0,0.0,3.0,2.0,1.0,6.0,1.0
cell_251,4.0,3.0,2.0,2.0,3.0,1.0,2.0,1.0,1.0,2.0,2.0,3.0,1.0,1.0,1.0,2.0,1.0,2.0,1.0,0.0,2.0,1.0,2.0,5.0,3.0,1.0,0.0,4.0,2.0,0.0,1.0,3.0,4.0,1.0,2.0,3.0,2.0,2.0,0.0,0.0,0.0,3.0,1.0,1.0,2.0,4.0,3.0,2.0
cell_252,4.0,2.0,1.0,2.0,1.0,0.0,3.0,0.0,2.0,3.0,2.0,3.0,1.0,2.0,0.0,3.0,3.0,3.0,1.0,0.0,2.0,2.0,2.0,2.0,3.0,1.0,3.0,2.0,5.0,1.0,0.0,2.0,2.0,1.0,2.0,2.0,1.0,2.0,2.0,5.0,1.0,1.0,3.0,3.0,2.0,1.0,1.0,0.0
cell_253,0.0,3.0,0.0,2.0,0.0,3.0,1.0,2.0,3.0,2.0,3.0,1.0,7.0,3.0,4.0,1.0,1.0,2.0,3.0,3.0,2.0,4.0,4.0,2.0,2.0,3.0,2.0,5.0,1.0,0.0,3.0,2.0,0.0,4.0,1.0,2.0,3.0,4.0,3.0,2.0,2.0,0.0,2.0,1.0,2.0,2.0,2.0,5.0
cell_254,2.0,2.0,0.0,2.0,3.0,1.0,0.0,1.0,2.0,0.0,5.0,3.0,3.0,5.0,1.0,2.0,5.0,3.0,5.0,3.0,5.0,3.0,2.0,2.0,2.0,4.0,2.0,3.0,1.0,1.0,4.0,2.0,3.0,2.0,0.0,3.0,1.0,3.0,1.0,1.0,1.0,2.0,3.0,0.0,1.0,1.0,3.0,4.0
cell_255,0.0,1.0,1.0,2.0,1.0,1.0,3.0,2.0,0.0,1.0,2.0,2.0,1.0,3.0,3.0,1.0,1.0,3.0,3.0,4.0,4.0,2.0,0.0,4.0,0.0,2.0,2.0,3.0,1.0,2.0,3.0,4.0,0.0,0.0,0.0,2.0,3.0,2.0,2.0,1.0,0.0,4.0,0.0,1.0,1.0,2.0,2.0,3.0
cell_256,4.0,0.0,0.0,0.0,1.0,3.0,1.0,1.0,0.0,2.0,8.0,2.0,4.0,1.0,2.0,2.0,1.0,2.0,4.0,2.0,2.0,3.0,2.0,2.0,3.0,4.0,1.0,3.0,2.0,2.0,0.0,0.0,2.0,1.0,1.0,5.0,1.0,1.0,2.0,1.0,0.0,0.0,3.0,0.0,2.0,1.0,5.0,2.0
cell_257,2.0,1.0,0.0,5.0,2.0,4.0,2.0,2.0,1.0,1.0,0.0,4.0,2.0,2.0,1.0,2.0,2.0,3.0,4.0,5.0,2.0,2.0,4.0,1.0,3.0,0.0,2.0,0.0,2.0,1.0,2.0,3.0,1.0,2.0,1.0,2.0,2.0,0.0,1.0,2.0,2.0,1.0,2.0,1.0,1.0,1.0,2.0,0.0
cell_258,3.0,0.0,0.0,3.0,0.0,2.0,0.0,3.0,3.0,1.0,0.0,1.0,1.0,0.0,1.0,1.0,5.0,1.0,1.0,2.0,0.0,1.0,1.0,1.0,1.0,0.0,2.0,3.0,1.0,1.0,2.0,2.0,1.0,4.0,2.0,2.0,2.0,4.0,0.0,2.0,0.0,0.0,2.0,7.0,2.0,0.0,0.0,3.0
cell_259,1.0,1.0,3.0,2.0,2.0,0.0,3.0,1.0,0.0,3.0,1.0,2.0,0.0,1.0,0.0,1.0,4.0,4.0,2.0,1.0,2.0,3.0,5.0,0.0,4.0,1.0,4.0,4.0,3.0,3.0,0.0,0.0,2.0,0.0,3.0,3.0,2.0,0.0,2.0,4.0,1.0,4.0,0.0,0.0,2.0,4.0,3.0,2.0
cell_260,2.0,1.0,5.0,4.0,1.0,1.0,1.0,1.0,5.0,1.0,6.0,2.0,1.0,5.0,3.0,4.0,2.0,2.0,5.0,1.0,6.0,1.0,1.0,2.0,0.0,4.0,2.0,1.0,1.0,0.0,1.0,1.0,0.0,1.0,0.0,2.0,2.0,1.0,2.0,3.0,1.0,3.0,4.0,4.0,1.0,3.0,3.0,1.0
cell_261,4.0,3.0,3.0,2.0,3.0,1.0,0.0,3.0,2.0,1.0,3.0,2.0,4.0,1.0,0.0,0.0,1.0,3.0,3.0,4.0,3.0,2.0,3.0,5.0,1.0,1.0,2.0,1.0,2.0,5.0,2.0,4.0,1.0,2.0,0.0,0.0,4.0,4.0,0.0,5.0,2.0,1.0,2.0,1.0,3.0,2.0,2.0,1.0
cell_262,3.0,3.0,2.0,3.0,3.0,2.0,3.0,4.0,2.0,0.0,5.0,1.0,3.0,6.0,3.0,2.0,2.0,2.0,5.0,3.0,0.0,3.0,3.0,1.0,1.0,5.0,4.0,4.0,0.0,1.0,1.0,0.0,2.0,3.0,2.0,2.0,4.0,1.0,1.0,2.0,1.0,0.0,1.0,1.0,2.0,0.0,0.0,4.0
cell_263,2.0,3.0,2.0,3.0,3.0,2.0,0.0,2.0,4.0,0.0,3.0,3.0,6.0,5.0,1.0,2.0,1.0,0.0,8.0,1.0,2.0,1.0,3.0,0.0,1.0,0.0,2.0,2.0,3.0,0.0,2.0,1.0,6.0,1.0,0.0,2.0,1.0,4.0,1.0,0.0,0.0,3.0,3.0,0.0,1.0,1.0,0.0,1.0
cell_264,1.0,1.0,4.0,5.0,0.0,2.0,1.0,3.0,4.0,1.0,1.0,3.0,2.0,4.0,2.0,1.0,6.0,2.0,5.0,2.0,1.0,2.0,4.0,4.0,0.0,0.0,1.0,1.0,1.0,4.0,1.0,2.0,1.0,3.0,1.0,3.0,6.0,0.0,0.0,2.0,3.0,1.0,1.0,2.0,2.0,3.0,4.0,2.0
cell_265,2.0,1.0,6.0,1.0,2.0,3.0,3.0,2.0,1.0,2.0,5.0,3.0,0.0,4.0,3.0,3.0,2.0,2.0,4.0,4.0,3.0,0.0,2.0,3.0,0.0,1.0,0.0,3.0,2.0,3.0,2.0,3.0,0.0,1.0,1.0,1.0,1.0,0.0,2.0,2.0,2.0,3.0,1.0,0.0,0.0,4.0,2.0,2.0
cell_266,1.0,1.0,2.0,2.0,1.0,2.0,2.0,1.0,2.0,3.0,5.0,2.0,7.0,0.0,5.0,3.0,4.0,2.0,1.0,7.0,2.0,4.0,1.0,4.0,1.0,1.0,4.0,1.0,1.0,1.0,1.0,1.0,1.0,1.0,1.0,3.0,1.0,1.0,4.0,1.0,3.0,1.0,0.0,5.0,1.0,0.0,0.0,2.0
cell_267,2.0,3.0,1.0,1.0,2.0,1.0,0.0,2.0,0.0,3.0,1.0,2.0,2.0,3.0,5.0,3.0,5.0,3.0,1.0,2.0,3.0,3.0,3.0,1.0,2.0,0.0,2.0,2.0,3.0,1.0,1.0,1.0,0.0,1.0,3.0,2.0,0.0,4.0,1.0,3.0,1.0,1.0,3.0,0.0,0.0,5.0,0.0,1.0
cell_268,1.0,2.0,4.0,0.0,1.0,1.0,3.0,6.0,1.0,2.0,2.0,1.0,0.0,0.0,0.0,2.0,5.0,5.0,2.0,3.0,4.0,5.0,2.0,3.0,0.0,1.0,2.0,2.0,3.0,2.0,1.0,3.0,1.0,2.0,1.0,2.0,0.0,1.0,3.0,1.0,0.0,2.0,2.0,0.0,1.0,1.0,2.0,1.0
cell_269,1.0,0.0,3.0,0.0,1.0,1.0,2.0,4.0,3.0,2.0,4.0,6.0,4.0,5.0,2.0,1.0,3.0,5.0,2.0,2.0,2.0,6.0,2.0,1.0,1.0,0.0,3.0,1.0,0.0,6.0,2.0,1.0,1.0,1.0,3.0,1.0,1.0,1.0,1.0,4.0,2.0,2.0,2.0,0.0,0.0,4.0,0.0,2.0
cell_270,1.0,0.0,0.0,1.0,2.0,1.0,1.0,1.0,1.0,3.0,4.0,5.0,2.0,1.0,1.0,3.0,3.0,3.0,2.0,5.0,2.0,3.0,0.0,2.0,4.0,2.0,2.0,4.0,1.0,2.0,1.0,1.0,3.0,1.0,2.0,2.0,1.0,3.0,0.0,1.0,4.0,0.0,2.0,1.0,2.0,0.0,0.0,3.0
cell_271,2.0,4.0,2.0,1.0,3.0,0.0,1.0,2.0,3.0,0.0,4.0,6.0,3.0,0.0,1.0,1.0,2.0,5.0,1.0,4.0,3.0,3.0,0.0,2.0,1.0,2.0,1.0,0.0,3.0,4.0,2.0,2.0,0.0,1.0,5.0,0.0,3.0,4.0,1.0,1.0,0.0,2.0,1.0,0.0,2.0,2.0,2.0,3.0
cell_272,1.0,1.0,2.0,1.0,1.0,3.0,2.0,2.0,5.0,0.0,1.0,2.0,4.0,0.0,0.0,4.0,1.0,4.0,2.0,1.0,7.0,3.0,0.0,2.0,2.0,2.0,2.0,2.0,2.0,2.0,2.0,2.0,1.0,3.0,0.0,0.0,3.0,2.0,1.0,1.0,3.0,0.0,3.0,2.0,2.0,1.0,1.0,1.0
cell_273,5.0,4.0,2.0,2.0,2.0,1.0,0.0,2.0,1.0,0.0,2.0,0.0,3.0,2.0,4.0,3.0,0.0,4.0,2.0,3.0,1.0,4.0,3.0,7.0,2.0,1.0,3.0,3.0,1.0,1.0,2.0,0.0,4.0,2.0,1.0,0.0,1.0,2.0,1.0,3.0,0.0,2.0,3.0,3.0,4.0,2.0,4.0,0.0
cell_274,0.0,1.0,1.0,1.0,2.0,4.0,3.0,2.0,0.0,2.0,7.0,5.0,3.0,1.0,1.0,2.0,2.0,1.0,2.0,3.0,3.0,2.0,2.0,3.0,0.0,2.0,1.0,3.0,1.0,1.0,2.0,0.0,3.0,1.0,3.0,0.0,3.0,3.0,2.0,2.0,0.0,2.0,5.0,2.0,5.0,1.0,2.0,2.0
cell_275,1.0,0.0,2.0,2.0,4.0,2.0,1.0,0.0,0.0,1.0,3.0,2.0,3.0,3.0,1.0,1.0,1.0,0.0,4.0,4.0,5.0,3.0,2.0,1.0,1.0,2.0,2.0,2.0,0.0,1.0,2.0,1.0,2.0,2.0,2.0,3.0,1.0,2.0,2.0,1.0,3.0,1.0,1.0,1.0,1.0,3.0,3.0,3.0
cell_276,1.0,1.0,1.0,0.0,3.0,3.0,0.0,4.0,2.0,3.0,2.0,3.0,2.0,0.0,0.0,4.0,2.0,0.0,2.0,3.0,2.0,2.0,3.0,3.0,2.0,1.0,1.0,6.0,1.0,3.0,1.0,0.0,2.0,0.0,1.0,2.0,3.0,2.0,2.0,1.0,2.0,1.0,3.0,1.0,0.0,0.0,1.0,0.0
cell_277,1.0,2.0,4.0,2.0,0.0,3.0,8.0,0.0,2.0,1.0,2.0,3.0,2.0,0.0,2.0,2.0,3.0,5.0,2.0,2.0,2.0,4.0,1.0,5.0,3.0,5.0,1.0,1.0,4.0,0.0,1.0,0.0,1.0,2.0,0.0,5.0,2.0,5.0,1.0,4.0,1.0,2.0,0.0,2.0,1.0,3.0,2.0,2.0
cell_278,2.0,0.0,0.0,4.0,1.0,2.0,2.0,3.0,7.0,0.0,5.0,5.0,4.0,1.0,1.0,0.0,4.0,3.0,1.0,2.0,6.0,2.0,3.0,9.0,1.0,1.0,0.0,1.0,2.0,0.0,1.0,3.0,1.0,0.0,1.0,2.0,0.0,3.0,2.0,4.0,2.0,2.0,2.0,2.0,2.0,3.0,3.0,2.0
cell_279,2.0,1.0,1.0,1.0,0.0,0.0,1.0,2.0,0.0,0.0,3.0,1.0,4.0,3.0,1.0,2.0,7.0,4.0,2.0,1.0,1.0,3.0,1.0,4.0,1.0,1.0,1.0,4.0,0.0,1.0,0.0,0.0,0.0,1.0,2.0,1.0,1.0,2.0,1.0,3.0,1.0,4.0,0.0,0.0,2.0,0.0,2.0,1.0
cell_280,3.0,2.0,0.0,3.0,0.0,2.0,3.0,1.0,0.0,1.0,1.0,3.0,1.0,0.0,0.0,2.0,1.0,0.0,4.0,4.0,5.0,4.0,2.0,2.0,2.0,1.0,1.0,2.0,2.0,1.0,3.0,2.0,3.0,3.0,1.0,1.0,2.0,2.0,1.0,2.0,3.0,1.0,2.0,0.0,0.0,4.0,1.0,2.0
cell_281,3.0,2.0,3.0,4.0,1.0,2.0,1.0,1.0,4.0,1.0,2.0,3.0,3.0,2.0,3.0,3.0,1.0,2.0,0.0,0.0,5.0,4.0,1.0,2.0,5.0,1.0,1.0,1.0,1.0,1.0,5.0,2.0,1.0,4.0,0.0,1.0,0.0,0.0,2.0,0.0,1.0,2.0,0.0,1.0,2.0,2.0,2.0,0.0
cell_282,1.0,1.0,2.0,3.0,1.0,3.0,0.0,3.0,2.0,1.0,7.0,1.0,4.0,0.0,4.0,2.0,3.0,4.0,2.0,0.0,3.0,1.0,0.0,4.0,1.0,1.0,0.0,1.0,2.0,1.0,2.0,2.0,0.0,3.0,2.0,2.0,1.0,3.0,1.0,1.0,0.0,2.0,1.0,2.0,2.0,4.0,1.0,2.0
cell_283,0.0,3.0,3.0,2.0,0.0,2.0,0.0,4.0,1.0,3.0,2.0,4.0,4.0,2.0,1.0,3.0,1.0,5.0,2.0,3.0,3.0,0.0,0.0,1.0,3.0,1.0,0.0,0.0,2.0,1.0,7.0,1.0,2.0,3.0,0.0,2.0,1.0,4.0,2.0,1.0,4.0,0.0,5.0,3.0,0.0,0.0,2.0,2.0
cell_284,5.0,2.0,1.0,3.0,4.0,3.0,4.0,1.0,2.0,1.0,2.0,1.0,3.0,4.0,4.0,4.0,2.0,5.0,2.0,1.0,2.0,3.0,2.0,3.0,1.0,1.0,1.0,1.0,5.0,2.0,1.0,0.0,3.0,4.0,3.0,2.0,2.0,1.0,0.0,2.0,0.0,1.0,1.0,2.0,1.0,0.0,3.0,1.0
cell_285,4.0,2.0,0.0,3.0,4.0,5.0,3.0,0.0,4.0,1.0,4.0,3.0,2.0,5.0,3.0,1.0,2.0,3.0,4.0,1.0,3.0,6.0,0.0,5.0,1.0,1.0,2.0,2.0,2.0,3.0,0.0,1.0,3.0,0.0,3.0,1.0,1.0,2.0,1.0,1.0,4.0,0.0,3.0,0.0,0.0,2.0,2.0,0.0
cell_286,5.0,2.0,3.0,6.0,3.0,5.0,2.0,2.0,2.0,2.0,3.0,3.0,2.0,4.0,2.0,0.0,2.0,4.0,1.0,2.0,1.0,1.0,1.0,3.0,3.0,2.0,1.0,2.0,4.0,2.0,4.0,3.0,2.0,2.0,2.0,0.0,2.0,3.0,3.0,1.0,3.0,1.0,2.0,3.0,2.0,2.0,3.0,4.0
cell_287,1.0,3.0,2.0,0.0,0.0,0.0,6.0,3.0,0.0,3.0,3.0,5.0,6.0,2.0,2.0,0.0,3.0,3.0,1.0,1.0,2.0,4.0,2.0,2.0,0.0,0.0,2.0,1.0,5.0,0.0,2.0,1.0,2.0,0.0,0.0,4.0,2.0,0.0,1.0,1.0,0.0,3.0,5.0,0.0,2.0,1.0,4.0,1.0
cell_288,3.0,5.0,0.0,3.0,4.0,5.0,1.0,0.0,0.0,0.0,4.0,3.0,4.0,1.0,1.0,0.0,1.0,3.0,2.0,2.0,1.0,0.0,1.0,4.0,3.0,1.0,5.0,0.0,1.0,0.0,2.0,1.0,1.0,1.0,2.0,1.0,2.0,1.0,1.0,0.0,1.0,1.0,1.0,1.0,3.0,1.0,2.0,2.0
cell_289,2.0,2.0,0.0,0.0,2.0,2.0,2.0,4.0,1.0,1.0,6.0,3.0,3.0,2.0,4.0,0.0,3.0,2.0,2.0,5.0,1.0,5.0,1.0,4.0,1.0,0.0,2.0,2.0,0.0,0.0,2.0,2.0,0.0,1.0,0.0,0.0,1.0,0.0,3.0,1.0,0.0,0.0,2.0,1.0,0.0,1.0,2.0,2.0
cell_290,1.0,0.0,1.0,2.0,2.0,3.0,2.0,3.0,3.0,3.0,6.0,4.0,3.0,2.0,1.0,1.0,0.0,3.0,1.0,5.0,5.0,1.0,0.0,2.0,0.0,2.0,2.0,3.0,0.0,3.0,2.0,5.0,4.0,0.0,0.0,0.0,3.0,3.0,3.0,0.0,1.0,5.0,1.0,0.0,4.0,5.0,0.0,0.0
cell_291,2.0,1.0,1.0,3.0,3.0,3.0,0.0,1.0,0.0,0.0,3.0,6.0,1.0,2.0,2.0,0.0,0.0,0.0,3.0,3.0,3.0,2.0,3.0,1.0,2.0,1.0,0.0,1.0,2.0,2.0,1.0,3.0,3.0,2.0,2.0,2.0,2.0,2.0,4.0,2.0,1.0,2.0,1.0,3.0,0.0,0.0,2.0,3.0
cell_292,3.0,2.0,1.0,1.0,1.0,3.0,3.0,0.0,3.0,1.0,4.0,8.0,10.0,3.0,5.0,4.0,1.0,1.0,3.0,0.0,6.0,3.0,1.0,1.0,3.0,3.0,0.0,3.0,0.0,1.0,0.0,1.0,1.0,1.0,2.0,2.0,2.0,2.0,6.0,3.0,2.0,2.0,2.0,1.0,2.0,0.0,4.0,4.0
cell_293,1.0,3.0,0.0,1.0,0.0,2.0,5.0,3.0,2.0,0.0,2.0,2.0,3.0,1.0,3.0,2.0,1.0,3.0,1.0,2.0,2.0,2.0,5.0,3.0,2.0,2.0,4.0,2.0,2.0,2.0,1.0,1.0,1.0,4.0,1.0,2.0,0.0,3.0,1.0,2.0,4.0,2.0,1.0,1.0,2.0,2.0,3.0,4.0
cell_294,0.0,2.0,3.0,2.0,2.0,2.0,1.0,2.0,1.0,0.0,6.0,2.0,4.0,6.0,3.0,0.0,2.0,3.0,2.0,3.0,1.0,6.0,2.0,0.0,3.0,1.0,4.0,2.0,0.0,2.0,3.0,1.0,2.0,1.0,2.0,1.0,0.0,2.0,1.0,1.0,2.0,0.0,1.0,1.0,0.0,1.0,2.0,4.0
cell_295,1.0,2.0,1.0,2.0,0.0,0.0,1.0,4.0,0.0,1.0,6.0,1.0,3.0,3.0,4.0,1.0,2.0,2.0,3.0,2.0,1.0,3.0,3.0,1.0,6.0,1.0,1.0,1.0,1.0,0.0,2.0,2.0,4.0,1.0,2.0,0.0,2.0,3.0,0.0,2.0,2.0,1.0,1.0,3.0,1.0,0.0,4.0,3.0
cell_296,0.0,1.0,3.0,1.0,1.0,4.0,3.0,2.0,1.0,0.0,2.0,3.0,5.0,2.0,2.0,0.0,3.0,3.0,1.0,4.0,3.0,3.0,1.0,4.0,4.0,4.0,2.0,1.0,2.0,0.0,2.0,4.0,2.0,3.0,4.0,1.0,1.0,1.0,3.0,2.0,2.0,4.0,2.0,3.0,4.0,0.0,2.0,2.0
cell_297,1.0,2.0,2.0,3.0,2.0,1.0,3.0,2.0,3.0,1.0,2.0,3.0,4.0,3.0,1.0,3.0,3.0,3.0,5.0,4.0,3.0,4.0,4.0,2.0,1.0,1.0,3.0,1.0,5.0,4.0,2.0,1.0,1.0,3.0,0.0,2.0,4.0,0.0,1.0,7.0,3.0,2.0,3.0,4.0,1.0,1.0,4.0,2.0
cell_298,1.0,1.0,1.0,3.0,2.0,1.0,3.0,2.0,3.0,0.0,7.0,5.0,5.0,2.0,2.0,2.0,3.0,4.0,3.0,0.0,2.0,3.0,2.0,3.0,2.0,0.0,4.0,3.0,1.0,4.0,2.0,2.0,1.0,2.0,1.0,4.0,1.0,0.0,1.0,2.0,2.0,2.0,1.0,2.0,1.0,2.0,0.0,1.0
cell_299,1.0,3.0,1.0,1.0,2.0,1.0,3.0,2.0,4.0,2.0,8.0,7.0,2.0,2.0,2.0,3.0,3.0,2.0,2.0,0.0,0.0,4.0,1.0,1.0,4.0,1.0,2.0,4.0,2.0,0.0,3.0,3.0,0.0,1.0,5.0,0.0,4.0,2.0,2.0,2.0,1.0,1.0,1.0,5.0,4.0,2.0,2.0,1.0
cell_300,1.0,0.0,1.0,2.0,2.0,2.0,3.0,0.0,1.0,1.0,0.0,7.0,2.0,5.0,0.0,2.0,4.0,1.0,6.0,5.0,1.0,5.0,1.0,2.0,1.0,3.0,3.0,1.0,0.0,2.0,1.0,2.0,1.0,1.0,3.0,2.0,2.0,0.0,2.0,4.0,1.0,0.0,1.0,5.0,1.0,0.0,2.0,0.0
cell_301,1.0,5.0,1.0,2.0,1.0,3.0,3.0,1.0,3.0,3.0,6.0,2.0,3.0,3.0,2.0,2.0,4.0,2.0,3.0,1.0,6.0,0.0,5.0,4.0,1.0,4.0,2.0,0.0,2.0,1.0,1.0,1.0,0.0,0.0,0.0,1.0,1.0,2.0,2.0,0.0,1.0,0.0,1.0,4.0,0.0,0.0,3.0,1.0
cell_302,0.0,2.0,1.0,1.0,2.0,0.0,5.0,5.0,2.0,2.0,2.0,3.0,1.0,4.0,0.0,4.0,1.0,1.0,1.0,3.0,1.0,2.0,1.0,3.0,1.0,2.0,1.0,3.0,0.0,2.0,0.0,3.0,1.0,1.0,5.0,1.0,2.0,3.0,2.0,3.0,1.0,5.0,1.0,0.0,3.0,0.0,0.0,0.0
cell_303,0.0,1.0,1.0,0.0,1.0,0.0,3.0,1.0,1.0,3.0,5.0,4.0,2.0,2.0,4.0,2.0,1.0,2.0,3.0,2.0,1.0,2.0,1.0,0.0,1.0,1.0,2.0,1.0,2.0,0.0,2.0,1.0,2.0,2.0,2.0,1.0,2.0,3.0,2.0,2.0,1.0,0.0,3.0,2.0,3.0,4.0,0.0,1.0
cell_304,0.0,5.0,0.0,2.0,2.0,4.0,2.0,1.0,0.0,2.0,5.0,4.0,2.0,0.0,1.0,2.0,1.0,1.0,5.0,1.0,3.0,3.0,1.0,4.0,3.0,1.0,1.0,0.0,0.0,0.0,3.0,0.0,0.0,1.0,0.0,3.0,2.0,2.0,4.0,1.0,1.0,2.0,0.0,3.0,2.0,3.0,0.0,1.0
cell_305,1.0,2.0,0.0,3.0,2.0,1.0,0.0,0.0,0.0,3.0,5.0,5.0,2.0,1.0,1.0,3.0,2.0,1.0,0.0,3.0,1.0,2.0,4.0,1.0,4.0,1.0,1.0,2.0,1.0,0.0,3.0,3.0,1.0,1.0,2.0,2.0,0.0,1.0,2.0,1.0,2.0,1.0,1.0,4.0,1.0,0.0,1.0,3.0
cell_306,4.0,1.0,3.0,2.0,1.0,3.0,0.0,3.0,2.0,6.0,6.0,5.0,3.0,2.0,1.0,3.0,2.0,3.0,5.0,2.0,0.0,3.0,2.0,2.0,2.0,1.0,1.0,3.0,0.0,1.0,1.0,2.0,1.0,1.0,7.0,0.0,2.0,2.0,1.0,1.0,0.0,1.0,1.0,1.0,0.0,2.0,3.0,2.0
cell_307,3.0,0.0,0.0,1.0,2.0,0.0,1.0,0.0,4.0,3.0,3.0,5.0,2.0,4.0,4.0,0.0,3.0,2.0,0.0,3.0,2.0,1.0,3.0,6.0,0.0,2.0,0.0,3.0,3.0,1.0,1.0,2.0,1.0,0.0,0.0,1.0,2.0,1.0,1.0,4.0,0.0,2.0,2.0,1.0,2.0,2.0,2.0,1.0
cell_308,0.0,1.0,1.0,0.0,3.0,2.0,2.0,0.0,4.0,1.0,4.0,2.0,4.0,2.0,2.0,1.0,3.0,0.0,2.0,2.0,0.0,2.0,2.0,2.0,1.0,3.0,1.0,1.0,2.0,0.0,6.0,2.0,2.0,4.0,1.0,0.0,0.0,1.0,4.0,1.0,0.0,1.0,3.0,0.0,1.0,2.0,1.0,1.0
cell_309,4.0,3.0,3.0,0.0,4.0,1.0,1.0,1.0,2.0,1.0,8.0,2.0,2.0,0.0,3.0,0.0,3.0,0.0,4.0,2.0,1.0,2.0,3.0,2.0,1.0,1.0,1.0,0.0,2.0,2.0,3.0,3.0,3.0,1.0,2.0,4.0,3.0,3.0,0.0,4.0,2.0,3.0,7.0,0.0,2.0,2.0,5.0,1.0
cell_310,0.0,3.0,0.0,0.0,0.0,1.0,0.0,1.0,3.0,1.0,3.0,4.0,3.0,1.0,4.0,2.0,3.0,2.0,0.0,2.0,1.0,1.0,2.0,2.0,0.0,0.0,0.0,3.0,1.0,3.0,3.0,1.0,3.0,3.0,0.0,1.0,5.0,4.0,4.0,2.0,2.0,1.0,3.0,3.0,0.0,2.0,1.0,3.0
cell_311,2.0,3.0,4.0,0.0,1.0,3.0,1.0,6.0,0.0,3.0,5.0,3.0,4.0,5.0,1.0,2.0,2.0,2.0,3.0,3.0,3.0,3.0,5.0,1.0,1.0,4.0,1.0,2.0,1.0,4.0,2.0,1.0,2.0,2.0,2.0,1.0,1.0,1.0,3.0,3.0,3.0,5.0,0.0,1.0,2.0,2.0,1.0,1.0
cell_312,2.0,2.0,3.0,0.0,2.0,2.0,2.0,0.0,3.0,2.0,5.0,5.0,2.0,1.0,3.0,4.0,1.0,7.0,4.0,7.0,3.0,1.0,5.0,2.0,1.0,1.0,1.0,1.0,2.0,3.0,1.0,0.0,0.0,1.0,4.0,2.0,1.0,1.0,2.0,0.0,0.0,0.0,0.0,0.0,2.0,1.0,0.0,2.0
cell_313,0.0,3.0,1.0,2.0,1.0,2.0,3.0,0.0,3.0,1.0,5.0,2.0,2.0,1.0,4.0,1.0,2.0,3.0,4.0,2.0,5.0,2.0,4.0,6.0,0.0,1.0,2.0,0.0,3.0,2.0,0.0,3.0,1.0,0.0,1.0,2.0,3.0,2.0,2.0,1.0,1.0,2.0,1.0,5.0,2.0,4.0,3.0,1.0
cell_314,4.0,1.0,0.0,4.0,4.0,1.0,1.0,2.0,0.0,3.0,5.0,6.0,6.0,3.0,1.0,3.0,1.0,3.0,3.0,1.0,1.0,2.0,2.0,5.0,0.0,2.0,1.0,0.0,0.0,2.0,3.0,1.0,1.0,2.0,1.0,2.0,3.0,1.0,2.0,1.0,3.0,1.0,2.0,1.0,2.0,2.0,2.0,3.0
cell_315,4.0,0.0,1.0,1.0,3.0,2.0,2.0,3.0,3.0,3.0,4.0,2.0,4.0,4.0,2.0,1.0,3.0,2.0,2.0,1.0,0.0,3.0,3.0,5.0,1.0,1.0,0.0,5.0,1.0,2.0,3.0,0.0,1.0,2.0,2.0,0.0,3.0,3.0,1.0,1.0,0.0,0.0,1.0,1.0,2.0,1.0,1.0,2.0
cell_316,0.0,0.0,2.0,3.0,2.0,1.0,2.0,2.0,2.0,1.0,2.0,5.0,3.0,4.0,7.0,1.0,3.0,0.0,5.0,0.0,1.0,2.0,2.0,3.0,3.0,4.0,3.0,2.0,0.0,2.0,0.0,1.0,3.0,1.0,3.0,1.0,3.0,1.0,1.0,1.0,1.0,5.0,1.0,1.0,0.0,0.0,1.0,1.0
cell_317,0.0,2.0,0.0,3.0,4.0,3.0,5.0,2.0,1.0,1.0,7.0,3.0,3.0,3.0,1.0,2.0,5.0,2.0,1.0,3.0,1.0,6.0,0.0,0.0,0.0,1.0,0.0,1.0,1.0,2.0,1.0,2.0,2.0,2.0,2.0,4.0,1.0,5.0,0.0,3.0,1.0,3.0,2.0,0.0,0.0,1.0,6.0,1.0
cell_318,1.0,1.0,2.0,3.0,1.0,0.0,1.0,0.0,1.0,1.0,7.0,2.0,5.0,2.0,3.0,2.0,2.0,5.0,4.0,4.0,1.0,1.0,3.0,1.0,3.0,2.0,1.0,2.0,0.0,1.0,3.0,1.0,2.0,1.0,1.0,4.0,5.0,0.0,4.0,1.0,3.0,1.0,0.0,0.0,1.0,3.0,3.0,2.0
cell_319,0.0,3.0,2.0,0.0,0.0,3.0,0.0,1.0,2.0,1.0,5.0,4.0,6.0,1.0,3.0,1.0,1.0,1.0,0.0,5.0,6.0,2.0,2.0,2.0,2.0,2.0,0.0,1.0,0.0,2.0,1.0,3.0,0.0,0.0,0.0,1.0,0.0,3.0,1.0,1.0,4.0,3.0,0.0,1.0,1.0,2.0,2.0,4.0
cell_320,0.0,3.0,1.0,1.0,2.0,2.0,0.0,2.0,0.0,3.0,3.0,4.0,2.0,4.0,0.0,1.0,4.0,2.0,5.0,4.0,2.0,4.0,3.0,1.0,0.0,0.0,1.0,2.0,1.0,2.0,1.0,2.0,1.0,1.0,0.0,4.0,1.0,1.0,1.0,1.0,2.0,1.0,3.0,2.0,2.0,3.0,0.0,2.0
cell_321,3.0,3.0,1.0,1.0,1.0,3.0,3.0,2.0,2.0,1.0,4.0,6.0,5.0,1.0,4.0,1.0,2.0,2.0,0.0,3.0,1.0,2.0,7.0,4.0,1.0,1.0,2.0,1.0,2.0,4.0,2.0,1.0,2.0,0.0,2.0,2.0,1.0,0.0,2.0,2.0,1.0,1.0,1.0,3.0,0.0,1.0,1.0,2.0
cell_322,0.0,1.0,3.0,2.0,3.0,1.0,1.0,3.0,0.0,1.0,6.0,4.0,4.0,3.0,2.0,0.0,1.0,2.0,3.0,7.0,2.0,3.0,2.0,2.0,3.0,1.0,0.0,1.0,4.0,0.0,2.0,2.0,2.0,2.0,4.0,2.0,3.0,0.0,1.0,0.0,3.0,0.0,1.0,1.0,4.0,1.0,2.0,4.0
cell_323,2.0,1.0,0.0,1.0,2.0,3.0,2.0,2.0,2.0,1.0,4.0,8.0,6.0,5.0,7.0,1.0,4.0,5.0,4.0,3.0,6.0,2.0,1.0,5.0,0.0,1.0,0.0,2.0,2.0,1.0,3.0,0.0,3.0,0.0,1.0,0.0,2.0,1.0,0.0,2.0,2.0,1.0,2.0,1.0,1.0,1.0,2.0,1.0
